type,name,time_units,begin_time,frequency,count,units
signal,"Noraxon MyoMotion-Segments-Forearm RT-Pitch","s",0.0000,200,5068,"deg"

time,value
0.0000,11.72406181
0.0050,11.72225192
0.0100,11.72044194
0.0150,11.71863186
0.0200,11.716622
0.0250,11.71440795
0.0300,11.71198311
0.0350,11.70933904
0.0400,11.70646618
0.0450,11.70335339
0.0500,11.69998695
0.0550,11.69635021
0.0600,11.69242336
0.0650,11.68818338
0.0700,11.68360509
0.0750,11.67866316
0.0800,11.67333419
0.0850,11.66759859
0.0900,11.66144224
0.0950,11.65485838
0.1000,11.64784966
0.1050,11.64043072
0.1100,11.63263014
0.1150,11.62449098
0.1200,11.61606955
0.1250,11.60743362
0.1300,11.59866054
0.1350,11.58983498
0.1400,11.58104591
0.1450,11.57238344
0.1500,11.56393604
0.1550,11.55312903
0.1600,11.54272422
0.1650,11.53317506
0.1700,11.52441765
0.1750,11.51638092
0.1800,11.50927096
0.1850,11.5029632
0.1900,11.49769615
0.1950,11.49362423
0.2000,11.49041333
0.2050,11.4881632
0.2100,11.48700198
0.2150,11.48674394
0.2200,11.48737731
0.2250,11.48876289
0.2300,11.49098228
0.2350,11.49401341
0.2400,11.4978271
0.2450,11.5023324
0.2500,11.50749633
0.2550,11.51329292
0.2600,11.51973557
0.2650,11.5268007
0.2700,11.53454092
0.2750,11.54276986
0.2800,11.55152646
0.2850,11.56088827
0.2900,11.57080615
0.2950,11.58109815
0.3000,11.59181411
0.3050,11.6029024
0.3100,11.61421435
0.3150,11.62562295
0.3200,11.63709501
0.3250,11.64858443
0.3300,11.65984507
0.3350,11.67086716
0.3400,11.68138848
0.3450,11.69135396
0.3500,11.70057474
0.3550,11.70894427
0.3600,11.71639156
0.3650,11.72282216
0.3700,11.7281433
0.3750,11.73208891
0.3800,11.73481822
0.3850,11.73627905
0.3900,11.73653693
0.3950,11.73539246
0.4000,11.7330449
0.4050,11.7294272
0.4100,11.72457065
0.4150,11.71853503
0.4200,11.71146273
0.4250,11.70348909
0.4300,11.69482032
0.4350,11.68540228
0.4400,11.67536622
0.4450,11.66484693
0.4500,11.65388794
0.4550,11.64247864
0.4600,11.63075999
0.4650,11.61867526
0.4700,11.60651452
0.4750,11.59422328
0.4800,11.58188073
0.4850,11.56936433
0.4900,11.55672725
0.4950,11.54399952
0.5000,11.53147364
0.5050,11.51905052
0.5100,11.50665182
0.5150,11.49428775
0.5200,11.48198882
0.5250,11.46981561
0.5300,11.45764929
0.5350,11.44557574
0.5400,11.43352986
0.5450,11.42160732
0.5500,11.40973942
0.5550,11.39812558
0.5600,11.38674929
0.5650,11.37561649
0.5700,11.36484759
0.5750,11.35475757
0.5800,11.34529941
0.5850,11.33661117
0.5900,11.32878405
0.5950,11.3219752
0.6000,11.31651066
0.6050,11.31233641
0.6100,11.30970189
0.6150,11.30875338
0.6200,11.30958638
0.6250,11.31226294
0.6300,11.31682788
0.6350,11.32320311
0.6400,11.33162811
0.6450,11.34201088
0.6500,11.35441917
0.6550,11.3687136
0.6600,11.38493617
0.6650,11.40313844
0.6700,11.42332852
0.6750,11.44534672
0.6800,11.46909551
0.6850,11.4944887
0.6900,11.52124866
0.6950,11.54932316
0.7000,11.57850531
0.7050,11.60877811
0.7100,11.6399747
0.7150,11.67185394
0.7200,11.70420921
0.7250,11.73690549
0.7300,11.76972535
0.7350,11.80255069
0.7400,11.83512599
0.7450,11.86739037
0.7500,11.89906069
0.7550,11.93008796
0.7600,11.96049254
0.7650,11.98998479
0.7700,12.01843628
0.7750,12.04583798
0.7800,12.07217566
0.7850,12.09755938
0.7900,12.12182492
0.7950,12.14491681
0.8000,12.16683344
0.8050,12.18771856
0.8100,12.20762523
0.8150,12.22647023
0.8200,12.24441153
0.8250,12.26136717
0.8300,12.27749124
0.8350,12.29289793
0.8400,12.30747527
0.8450,12.32162006
0.8500,12.33525192
0.8550,12.34849027
0.8600,12.36141202
0.8650,12.37422762
0.8700,12.38690793
0.8750,12.39933792
0.8800,12.41172295
0.8850,12.42403395
0.8900,12.43638162
0.8950,12.44889785
0.9000,12.46155462
0.9050,12.4744369
0.9100,12.48760924
0.9150,12.50108265
0.9200,12.51481435
0.9250,12.52898061
0.9300,12.54336617
0.9350,12.55832781
0.9400,12.57374206
0.9450,12.58967234
0.9500,12.60592972
0.9550,12.62282627
0.9600,12.64006969
0.9650,12.65775505
0.9700,12.67596689
0.9750,12.69476059
0.9800,12.7140708
0.9850,12.73408742
0.9900,12.7547529
0.9950,12.77618077
1.0000,12.79854107
1.0050,12.82180894
1.0100,12.84595046
1.0150,12.87122506
1.0200,12.89789707
1.0250,12.92603625
1.0300,12.95564918
1.0350,12.98701325
1.0400,13.02053006
1.0450,13.05619181
1.0500,13.09418216
1.0550,13.13481147
1.0600,13.17808156
1.0650,13.22426945
1.0700,13.27333395
1.0750,13.32541005
1.0800,13.38061889
1.0850,13.43896618
1.0900,13.50055321
1.0950,13.56531449
1.1000,13.63344085
1.1050,13.70479108
1.1100,13.77941781
1.1150,13.85756824
1.1200,13.93892704
1.1250,14.0237562
1.1300,14.11186831
1.1350,14.20315984
1.1400,14.2975739
1.1450,14.39489104
1.1500,14.49533385
1.1550,14.59856069
1.1600,14.70444366
1.1650,14.81300103
1.1700,14.9242582
1.1750,15.03817163
1.1800,15.15450549
1.1850,15.27325463
1.1900,15.39440858
1.1950,15.51792784
1.2000,15.64361429
1.2050,15.77145168
1.2100,15.9012964
1.2150,16.03320848
1.2200,16.16709059
1.2250,16.30287039
1.2300,16.44068482
1.2350,16.58040217
1.2400,16.72209749
1.2450,16.86572292
1.2500,17.0113055
1.2550,17.1588637
1.2600,17.30843482
1.2650,17.46003032
1.2700,17.61355365
1.2750,17.76925287
1.2800,17.92703477
1.2850,18.08690685
1.2900,18.24914224
1.2950,18.41367919
1.3000,18.58063186
1.3050,18.75005197
1.3100,18.92205516
1.3150,19.09656939
1.3200,19.27355007
1.3250,19.45297891
1.3300,19.63499615
1.3350,19.81965114
1.3400,20.00675499
1.3450,20.1965669
1.3500,20.38902945
1.3550,20.58399498
1.3600,20.78152733
1.3650,20.98150324
1.3700,21.18405551
1.3750,21.38919465
1.3800,21.59671678
1.3850,21.80663504
1.3900,22.01896214
1.3950,22.23361981
1.4000,22.45040378
1.4050,22.66929036
1.4100,22.89008663
1.4150,23.11263299
1.4200,23.33700415
1.4250,23.56281977
1.4300,23.79004066
1.4350,24.01842037
1.4400,24.24805531
1.4450,24.478915
1.4500,24.71046678
1.4550,24.94291092
1.4600,25.17623959
1.4650,25.41029021
1.4700,25.64497062
1.4750,25.8802039
1.4800,26.11626246
1.4850,26.35304028
1.4900,26.59064115
1.4950,26.82869367
1.5000,27.06746815
1.5050,27.30695575
1.5100,27.54720926
1.5150,27.78827184
1.5200,28.03019116
1.5250,28.27298095
1.5300,28.5167067
1.5350,28.76137775
1.5400,29.00695011
1.5450,29.25348299
1.5500,29.50103096
1.5550,29.74956014
1.5600,29.99931292
1.5650,30.25023237
1.5700,30.5023473
1.5750,30.75556947
1.5800,31.00997225
1.5850,31.26554772
1.5900,31.52204169
1.5950,31.77952843
1.6000,32.03791403
1.6050,32.29734867
1.6100,32.55778668
1.6150,32.81932162
1.6200,33.08188009
1.6250,33.34563452
1.6300,33.61070167
1.6350,33.87681329
1.6400,34.14410553
1.6450,34.4121827
1.6500,34.68109879
1.6550,34.95076809
1.6600,35.22091285
1.6650,35.49153637
1.6700,35.76272232
1.6750,36.03436771
1.6800,36.30645919
1.6850,36.57910926
1.6900,36.85211612
1.6950,37.12544725
1.7000,37.3989734
1.7050,37.67271071
1.7100,37.94642918
1.7150,38.22002255
1.7200,38.49340266
1.7250,38.76643651
1.7300,39.03910676
1.7350,39.31143979
1.7400,39.58333753
1.7450,39.8547083
1.7500,40.12563718
1.7550,40.39602727
1.7600,40.66595626
1.7650,40.9354349
1.7700,41.20436882
1.7750,41.47282367
1.7800,41.74081042
1.7850,42.00827226
1.7900,42.27496983
1.7950,42.54114547
1.8000,42.80644634
1.8050,43.07104008
1.8100,43.33487401
1.8150,43.59803492
1.8200,43.86053737
1.8250,44.1222867
1.8300,44.3831132
1.8350,44.64313662
1.8400,44.90216782
1.8450,45.1598758
1.8500,45.41637267
1.8550,45.6714918
1.8600,45.92490726
1.8650,46.17640548
1.8700,46.42589792
1.8750,46.67319114
1.8800,46.91836071
1.8850,47.16131236
1.8900,47.40223301
1.8950,47.6411702
1.9000,47.87795046
1.9050,48.11239458
1.9100,48.34466895
1.9150,48.57478886
1.9200,48.80270642
1.9250,49.02815899
1.9300,49.25115957
1.9350,49.4717041
1.9400,49.68988217
1.9450,49.9056776
1.9500,50.11911489
1.9550,50.33022243
1.9600,50.5390284
1.9650,50.74557503
1.9700,50.94957659
1.9750,51.15095783
1.9800,51.34963862
1.9850,51.54556566
1.9900,51.73878736
1.9950,51.92940431
2.0000,52.11743105
2.0050,52.30297759
2.0100,52.48628967
2.0150,52.66733108
2.0200,52.84572893
2.0250,53.02180773
2.0300,53.19519034
2.0350,53.36598498
2.0400,53.53431488
2.0450,53.70000572
2.0500,53.86277063
2.0550,54.02257173
2.0600,54.17931881
2.0650,54.33296854
2.0700,54.48335352
2.0750,54.63036773
2.0800,54.77370967
2.0850,54.91326724
2.0900,55.0493082
2.0950,55.18171125
2.1000,55.3107469
2.1050,55.43607781
2.1100,55.55758205
2.1150,55.67503461
2.1200,55.78828637
2.1250,55.89734023
2.1300,56.00190904
2.1350,56.10184942
2.1400,56.19728635
2.1450,56.28839723
2.1500,56.37484561
2.1550,56.45631671
2.1600,56.53264828
2.1650,56.60359683
2.1700,56.66940549
2.1750,56.73038633
2.1800,56.78654542
2.1850,56.83782713
2.1900,56.88419828
2.1950,56.9259286
2.2000,56.96315998
2.2050,56.99590988
2.2100,57.02428688
2.2150,57.0481221
2.2200,57.0676346
2.2250,57.08300839
2.2300,57.09451022
2.2350,57.10222787
2.2400,57.10589713
2.2450,57.10540808
2.2500,57.10056669
2.2550,57.09118768
2.2600,57.07737409
2.2650,57.05913575
2.2700,57.03683483
2.2750,57.01076309
2.2800,56.9810463
2.2850,56.94763447
2.2900,56.91096495
2.2950,56.87102275
2.3000,56.82776068
2.3050,56.78116518
2.3100,56.73137491
2.3150,56.67850429
2.3200,56.62283197
2.3250,56.56427161
2.3300,56.50301292
2.3350,56.43900986
2.3400,56.3718276
2.3450,56.3013309
2.3500,56.22751782
2.3550,56.15028876
2.3600,56.06961787
2.3650,55.98566915
2.3700,55.89833874
2.3750,55.80764445
2.3800,55.7134926
2.3850,55.61601542
2.3900,55.51525637
2.3950,55.41123164
2.4000,55.30377263
2.4050,55.19327193
2.4100,55.07995199
2.4150,54.96386605
2.4200,54.84488633
2.4250,54.72341169
2.4300,54.59969515
2.4350,54.4740345
2.4400,54.34631535
2.4450,54.21651434
2.4500,54.08485965
2.4550,53.95160853
2.4600,53.81672502
2.4650,53.68030438
2.4700,53.54213304
2.4750,53.40194044
2.4800,53.25972142
2.4850,53.11561665
2.4900,52.96976307
2.4950,52.8221773
2.5000,52.67308885
2.5050,52.52255293
2.5100,52.37058716
2.5150,52.21741541
2.5200,52.06277834
2.5250,51.90682134
2.5300,51.74967142
2.5350,51.5916382
2.5400,51.43268285
2.5450,51.27301582
2.5500,51.11282058
2.5550,50.95208511
2.5600,50.79068503
2.5650,50.62866091
2.5700,50.46592886
2.5750,50.30237129
2.5800,50.13778945
2.5850,49.97221695
2.5900,49.80540925
2.5950,49.63757787
2.6000,49.46868548
2.6050,49.29885121
2.6100,49.12796887
2.6150,48.9558349
2.6200,48.78262762
2.6250,48.60832493
2.6300,48.43285994
2.6350,48.25618145
2.6400,48.07843652
2.6450,47.89980345
2.6500,47.72036704
2.6550,47.54035255
2.6600,47.35968968
2.6650,47.17817285
2.6700,46.99601822
2.6750,46.81309428
2.6800,46.62949396
2.6850,46.44489082
2.6900,46.25919183
2.6950,46.07231154
2.7000,45.88414165
2.7050,45.69482802
2.7100,45.50478385
2.7150,45.31392767
2.7200,45.12248581
2.7250,44.93044885
2.7300,44.73782607
2.7350,44.54454624
2.7400,44.35061848
2.7450,44.15589958
2.7500,43.96060006
2.7550,43.76458073
2.7600,43.56800229
2.7650,43.37109202
2.7700,43.17376727
2.7750,42.97627786
2.7800,42.77858534
2.7850,42.58069394
2.7900,42.38286043
2.7950,42.18504793
2.8000,41.98732119
2.8050,41.78997193
2.8100,41.59300209
2.8150,41.39666057
2.8200,41.20109959
2.8250,41.0062273
2.8300,40.8118447
2.8350,40.61794745
2.8400,40.42459873
2.8450,40.23176077
2.8500,40.0392406
2.8550,39.8472446
2.8600,39.65594694
2.8650,39.46531635
2.8700,39.27528207
2.8750,39.08577359
2.8800,38.89680497
2.8850,38.70826986
2.8900,38.52022291
2.8950,38.33252368
2.9000,38.14536991
2.9050,37.95854971
2.9100,37.77225393
2.9150,37.58655367
2.9200,37.40144216
2.9250,37.21707173
2.9300,37.03364259
2.9350,36.85124591
2.9400,36.66996692
2.9450,36.48990331
2.9500,36.31117943
2.9550,36.13358039
2.9600,35.9572927
2.9650,35.78239693
2.9700,35.60905752
2.9750,35.43717644
2.9800,35.26675767
2.9850,35.09795794
2.9900,34.93084457
2.9950,34.76527111
3.0000,34.60164748
3.0050,34.43994259
3.0100,34.27968079
3.0150,34.12102519
3.0200,33.96401956
3.0250,33.80858371
3.0300,33.65493336
3.0350,33.50277207
3.0400,33.35241113
3.0450,33.2039939
3.0500,33.05735318
3.0550,32.91241066
3.0600,32.76927377
3.0650,32.6279213
3.0700,32.48846459
3.0750,32.35076572
3.0800,32.21481608
3.0850,32.08062838
3.0900,31.94821719
3.0950,31.81762701
3.1000,31.68885699
3.1050,31.56191754
3.1100,31.43674854
3.1150,31.31320018
3.1200,31.19132947
3.1250,31.07108941
3.1300,30.95252934
3.1350,30.83530947
3.1400,30.71949052
3.1450,30.60506245
3.1500,30.49215431
3.1550,30.38079718
3.1600,30.27080824
3.1650,30.16216991
3.1700,30.05485598
3.1750,29.94862962
3.1800,29.8434143
3.1850,29.7393073
3.1900,29.63606073
3.1950,29.53359922
3.2000,29.43185825
3.2050,29.33074905
3.2100,29.23001194
3.2150,29.1297395
3.2200,29.02962833
3.2250,28.92956677
3.2300,28.8294546
3.2350,28.72923454
3.2400,28.62888863
3.2450,28.52836528
3.2500,28.42754721
3.2550,28.32639158
3.2600,28.22503015
3.2650,28.1233199
3.2700,28.02105495
3.2750,27.91851288
3.2800,27.81541677
3.2850,27.71197649
3.2900,27.60821034
3.2950,27.50434704
3.3000,27.40026008
3.3050,27.29599616
3.3100,27.19171382
3.3150,27.0874182
3.3200,26.98319554
3.3250,26.87923988
3.3300,26.77535778
3.3350,26.67187907
3.3400,26.56868415
3.3450,26.46568744
3.3500,26.36289261
3.3550,26.26035328
3.3600,26.15778178
3.3650,26.05519542
3.3700,25.95247712
3.3750,25.84971068
3.3800,25.74697511
3.3850,25.64415962
3.3900,25.54127854
3.3950,25.43818968
3.4000,25.33499932
3.4050,25.23177221
3.4100,25.12852804
3.4150,25.02521835
3.4200,24.92202025
3.4250,24.81889646
3.4300,24.71599435
3.4350,24.61321606
3.4400,24.51062053
3.4450,24.40811152
3.4500,24.30569976
3.4550,24.20327466
3.4600,24.10073862
3.4650,23.99819802
3.4700,23.89534819
3.4750,23.79227836
3.4800,23.68874974
3.4850,23.58450548
3.4900,23.47940241
3.4950,23.37332454
3.5000,23.26600394
3.5050,23.15732244
3.5100,23.04746096
3.5150,22.93613818
3.5200,22.8234317
3.5250,22.70942782
3.5300,22.59418286
3.5350,22.47767353
3.5400,22.36019546
3.5450,22.24168459
3.5500,22.12231403
3.5550,22.00235231
3.5600,21.88174682
3.5650,21.76068049
3.5700,21.63924744
3.5750,21.51749059
3.5800,21.39571117
3.5850,21.27381904
3.5900,21.15190738
3.5950,21.03008001
3.6000,20.90821757
3.6050,20.78640223
3.6100,20.6645742
3.6150,20.54263555
3.6200,20.42059917
3.6250,20.29833734
3.6300,20.17594358
3.6350,20.05330584
3.6400,19.93044526
3.6450,19.8074349
3.6500,19.68418927
3.6550,19.56088903
3.6600,19.43773317
3.6650,19.31468821
3.6700,19.19206738
3.6750,19.06996748
3.6800,18.94843103
3.6850,18.82776463
3.6900,18.70777692
3.6950,18.58877466
3.7000,18.47064157
3.7050,18.35326328
3.7100,18.2369106
3.7150,18.12151753
3.7200,18.00691677
3.7250,17.89337825
3.7300,17.78085166
3.7350,17.66972256
3.7400,17.55989348
3.7450,17.45162616
3.7500,17.34506511
3.7550,17.24010858
3.7600,17.13729796
3.7650,17.03663263
3.7700,16.93839173
3.7750,16.84263437
3.7800,16.74965842
3.7850,16.6597659
3.7900,16.57322928
3.7950,16.49028098
3.8000,16.41097428
3.8050,16.33567341
3.8100,16.26430798
3.8150,16.1971296
3.8200,16.13446487
3.8250,16.07632703
3.8300,16.02280706
3.8350,15.97405273
3.8400,15.92987296
3.8450,15.89049153
3.8500,15.85569064
3.8550,15.82555184
3.8600,15.80004478
3.8650,15.77899342
3.8700,15.76241205
3.8750,15.75022987
3.8800,15.74232864
3.8850,15.73860357
3.8900,15.73906065
3.8950,15.74362653
3.9000,15.75241771
3.9050,15.76515
3.9100,15.78192019
3.9150,15.80252686
3.9200,15.82701273
3.9250,15.85514963
3.9300,15.88678528
3.9350,15.9217361
3.9400,15.95982634
3.9450,16.00093134
3.9500,16.04498603
3.9550,16.09156175
3.9600,16.14049822
3.9650,16.19163943
3.9700,16.24478388
3.9750,16.29963379
3.9800,16.35600056
3.9850,16.41363335
3.9900,16.47238936
3.9950,16.53191983
4.0000,16.59207029
4.0050,16.65287492
4.0100,16.71396156
4.0150,16.77532186
4.0200,16.83700936
4.0250,16.89877326
4.0300,16.96056513
4.0350,17.02233363
4.0400,17.08399088
4.0450,17.14543679
4.0500,17.20675668
4.0550,17.26803733
4.0600,17.32895066
4.0650,17.38948396
4.0700,17.44966063
4.0750,17.50956933
4.0800,17.56906554
4.0850,17.62810923
4.0900,17.68681581
4.0950,17.74499716
4.1000,17.80272698
4.1050,17.85990817
4.1100,17.91668303
4.1150,17.97312475
4.1200,18.02910773
4.1250,18.08453231
4.1300,18.13944064
4.1350,18.19369042
4.1400,18.24739019
4.1450,18.30042469
4.1500,18.35293015
4.1550,18.40497078
4.1600,18.45650518
4.1650,18.50759088
4.1700,18.55812841
4.1750,18.60822271
4.1800,18.65802161
4.1850,18.70760945
4.1900,18.75682678
4.1950,18.80570563
4.2000,18.85419508
4.2050,18.90244806
4.2100,18.95035642
4.2150,18.99806599
4.2200,19.04549979
4.2250,19.09269142
4.2300,19.13971342
4.2350,19.18657298
4.2400,19.23339508
4.2450,19.28018944
4.2500,19.32707727
4.2550,19.37418089
4.2600,19.4215401
4.2650,19.46929085
4.2700,19.51730957
4.2750,19.5656671
4.2800,19.61452609
4.2850,19.66408842
4.2900,19.71438914
4.2950,19.76552187
4.3000,19.81785222
4.3050,19.87143484
4.3100,19.92621744
4.3150,19.9823084
4.3200,20.03985085
4.3250,20.09899206
4.3300,20.15982021
4.3350,20.22256365
4.3400,20.28732525
4.3450,20.35423195
4.3500,20.42317688
4.3550,20.49438696
4.3600,20.56811223
4.3650,20.64421522
4.3700,20.72273031
4.3750,20.80383645
4.3800,20.8875797
4.3850,20.97390824
4.3900,21.06275463
4.3950,21.15418559
4.4000,21.24847216
4.4050,21.34551614
4.4100,21.44539302
4.4150,21.54814156
4.4200,21.65392178
4.4250,21.76279591
4.4300,21.87474921
4.4350,21.98983358
4.4400,22.10805805
4.4450,22.22913685
4.4500,22.35334955
4.4550,22.48046867
4.4600,22.61040282
4.4650,22.74311413
4.4700,22.87878423
4.4750,23.01715388
4.4800,23.15817395
4.4850,23.30171532
4.4900,23.44756041
4.4950,23.59558375
4.5000,23.74580945
4.5050,23.897942
4.5100,24.05174238
4.5150,24.20707008
4.5200,24.36377039
4.5250,24.52157797
4.5300,24.68051539
4.5350,24.84047207
4.5400,25.00148247
4.5450,25.16336702
4.5500,25.32619255
4.5550,25.48997183
4.5600,25.65478234
4.5650,25.82066738
4.5700,25.98780592
4.5750,26.15623927
4.5800,26.32590005
4.5850,26.4968513
4.5900,26.66913254
4.5950,26.84283668
4.6000,27.01771339
4.6050,27.19378992
4.6100,27.37124443
4.6150,27.55012159
4.6200,27.73037215
4.6250,27.91182892
4.6300,28.09448664
4.6350,28.27823963
4.6400,28.46305128
4.6450,28.6488145
4.6500,28.83561352
4.6550,29.02323629
4.6600,29.2115218
4.6650,29.40075298
4.6700,29.5908314
4.6750,29.78165092
4.6800,29.9735651
4.6850,30.16650022
4.6900,30.36070631
4.6950,30.55630392
4.7000,30.75333636
4.7050,30.95202443
4.7100,31.15213232
4.7150,31.3537297
4.7200,31.55671697
4.7250,31.76096371
4.7300,31.96660861
4.7350,32.17357134
4.7400,32.38169674
4.7450,32.59116896
4.7500,32.80174476
4.7550,33.01322645
4.7600,33.2257326
4.7650,33.43938036
4.7700,33.65378619
4.7750,33.86912669
4.7800,34.08517614
4.7850,34.30187162
4.7900,34.51936883
4.7950,34.73734673
4.8000,34.95557375
4.8050,35.17425559
4.8100,35.39332473
4.8150,35.61305903
4.8200,35.83323282
4.8250,36.05418977
4.8300,36.27574344
4.8350,36.49813362
4.8400,36.72112705
4.8450,36.94489156
4.8500,37.16929119
4.8550,37.39445495
4.8600,37.62035169
4.8650,37.84706832
4.8700,38.07451975
4.8750,38.30276953
4.8800,38.53191728
4.8850,38.76187191
4.8900,38.99293665
4.8950,39.22517708
4.9000,39.4588294
4.9050,39.69388357
4.9100,39.93037152
4.9150,40.16823349
4.9200,40.40738541
4.9250,40.6477224
4.9300,40.88922296
4.9350,41.13160721
4.9400,41.37503087
4.9450,41.61929515
4.9500,41.8640125
4.9550,42.10935059
4.9600,42.35533354
4.9650,42.60174774
4.9700,42.84856061
4.9750,43.09553087
4.9800,43.34239205
4.9850,43.58911139
4.9900,43.83550205
4.9950,44.0816371
5.0000,44.32723477
5.0050,44.57231377
5.0100,44.81672272
5.0150,45.06037191
5.0200,45.30329844
5.0250,45.54539725
5.0300,45.78641109
5.0350,46.02669188
5.0400,46.26654478
5.0450,46.50600542
5.0500,46.74513998
5.0550,46.98395283
5.0600,47.22236422
5.0650,47.46010295
5.0700,47.69698955
5.0750,47.93280367
5.0800,48.16747473
5.0850,48.40085202
5.0900,48.63264148
5.0950,48.86317427
5.1000,49.09247057
5.1050,49.3206291
5.1100,49.54779629
5.1150,49.77377087
5.1200,49.99895342
5.1250,50.22303436
5.1300,50.44621805
5.1350,50.66818412
5.1400,50.88882326
5.1450,51.10802823
5.1500,51.32568653
5.1550,51.54176202
5.1600,51.75609452
5.1650,51.96850971
5.1700,52.1791728
5.1750,52.38843809
5.1800,52.59638345
5.1850,52.80303205
5.1900,53.00833406
5.1950,53.21225183
5.2000,53.41464441
5.2050,53.61517215
5.2100,53.81389083
5.2150,54.01054553
5.2200,54.20516397
5.2250,54.39757576
5.2300,54.5874672
5.2350,54.77456702
5.2400,54.95842922
5.2450,55.13907728
5.2500,55.31606507
5.2550,55.48873692
5.2600,55.65644243
5.2650,55.81898116
5.2700,55.97661074
5.2750,56.12930859
5.2800,56.27681573
5.2850,56.41882501
5.2900,56.55454611
5.2950,56.68284893
5.3000,56.80312229
5.3050,56.91460219
5.3100,57.01721816
5.3150,57.11076719
5.3200,57.19519593
5.3250,57.27080517
5.3300,57.33761212
5.3350,57.39483211
5.3400,57.44201197
5.3450,57.47909333
5.3500,57.50563203
5.3550,57.52159822
5.3600,57.52618836
5.3650,57.51911599
5.3700,57.50062799
5.3750,57.47038949
5.3800,57.42835651
5.3850,57.37456185
5.3900,57.30923278
5.3950,57.23265113
5.4000,57.14506181
5.4050,57.04678856
5.4100,56.93804115
5.4150,56.81901466
5.4200,56.68959725
5.4250,56.55003255
5.4300,56.40049716
5.4350,56.24160596
5.4400,56.07393115
5.4450,55.89811815
5.4500,55.71474223
5.4550,55.52430268
5.4600,55.32766
5.4650,55.12506678
5.4700,54.91682659
5.4750,54.70335944
5.4800,54.48516584
5.4850,54.26295893
5.4900,54.03720256
5.4950,53.80866608
5.5000,53.57734835
5.5050,53.34347899
5.5100,53.10671916
5.5150,52.86694157
5.5200,52.62365245
5.5250,52.37677386
5.5300,52.12661796
5.5350,51.8736235
5.5400,51.61817833
5.5450,51.36090715
5.5500,51.10200295
5.5550,50.84205403
5.5600,50.58127452
5.5650,50.31952894
5.5700,50.05635136
5.5750,49.79134116
5.5800,49.524675
5.5850,49.25642287
5.5900,48.9870386
5.5950,48.71677099
5.6000,48.44619049
5.6050,48.17572055
5.6100,47.90539538
5.6150,47.63537744
5.6200,47.3654902
5.6250,47.09571799
5.6300,46.82590152
5.6350,46.55613621
5.6400,46.28627489
5.6450,46.01598986
5.6500,45.74556284
5.6550,45.47493303
5.6600,45.20438769
5.6650,44.93387189
5.6700,44.66328855
5.6750,44.39301333
5.6800,44.12318534
5.6850,43.85391066
5.6900,43.58538637
5.6950,43.31767741
5.7000,43.05077486
5.7050,42.78453712
5.7100,42.51889885
5.7150,42.25388554
5.7200,41.98967351
5.7250,41.7263406
5.7300,41.46396778
5.7350,41.20238432
5.7400,40.94176281
5.7450,40.68221456
5.7500,40.42354998
5.7550,40.16586313
5.7600,39.90927576
5.7650,39.65426328
5.7700,39.40108562
5.7750,39.14965435
5.7800,38.89991982
5.7850,38.65195166
5.7900,38.40529054
5.7950,38.15961658
5.8000,37.91509392
5.8050,37.67158645
5.8100,37.42951508
5.8150,37.18898016
5.8200,36.95044602
5.8250,36.71434237
5.8300,36.48067242
5.8350,36.24970846
5.8400,36.02118325
5.8450,35.7948551
5.8500,35.57109233
5.8550,35.34959144
5.8600,35.13038348
5.8650,34.91335183
5.8700,34.69854383
5.8750,34.48585004
5.8800,34.27490326
5.8850,34.06582115
5.8900,33.85842339
5.8950,33.65304186
5.9000,33.4496306
5.9050,33.24810778
5.9100,33.04883057
5.9150,32.85172271
5.9200,32.6571237
5.9250,32.46488774
5.9300,32.27515913
5.9350,32.08791361
5.9400,31.90299729
5.9450,31.72054724
5.9500,31.5401161
5.9550,31.36173798
5.9600,31.18537424
5.9650,31.01116845
5.9700,30.83920246
5.9750,30.66935821
5.9800,30.50183904
5.9850,30.33659149
5.9900,30.17355259
5.9950,30.01255649
6.0000,29.85370601
6.0050,29.69696727
6.0100,29.54226577
6.0150,29.38979275
6.0200,29.23933322
6.0250,29.09103087
6.0300,28.94468856
6.0350,28.80028515
6.0400,28.65766836
6.0450,28.51650958
6.0500,28.37704553
6.0550,28.23899856
6.0600,28.10236164
6.0650,27.96713022
6.0700,27.83302252
6.0750,27.70017926
6.0800,27.56843271
6.0850,27.43765452
6.0900,27.30781814
6.0950,27.17875954
6.1000,27.05027523
6.1050,26.92253663
6.1100,26.79535701
6.1150,26.66874927
6.1200,26.54268469
6.1250,26.41701578
6.1300,26.29182727
6.1350,26.1669399
6.1400,26.04247309
6.1450,25.91865063
6.1500,25.79534949
6.1550,25.67277704
6.1600,25.55109116
6.1650,25.43039749
6.1700,25.31075465
6.1750,25.19251442
6.1800,25.07565499
6.1850,24.96011062
6.1900,24.8460969
6.1950,24.7333449
6.2000,24.62178101
6.2050,24.5116732
6.2100,24.40286744
6.2150,24.29535207
6.2200,24.18903617
6.2250,24.08394343
6.2300,23.98013017
6.2350,23.87747437
6.2400,23.77615024
6.2450,23.67594522
6.2500,23.57719819
6.2550,23.47975147
6.2600,23.38367341
6.2650,23.28893512
6.2700,23.19554933
6.2750,23.10356775
6.2800,23.01299106
6.2850,22.92376977
6.2900,22.8359781
6.2950,22.7496996
6.3000,22.66467459
6.3050,22.58114321
6.3100,22.49893118
6.3150,22.41809502
6.3200,22.33870547
6.3250,22.26070384
6.3300,22.1842552
6.3350,22.10927777
6.3400,22.03570708
6.3450,21.9636614
6.3500,21.89294179
6.3550,21.82365054
6.3600,21.75557637
6.3650,21.68872302
6.3700,21.6232003
6.3750,21.55880265
6.3800,21.4954152
6.3850,21.43307296
6.3900,21.3716473
6.3950,21.31118162
6.4000,21.25169518
6.4050,21.19295104
6.4100,21.13486857
6.4150,21.07748958
6.4200,21.02061369
6.4250,20.96412707
6.4300,20.90794806
6.4350,20.85185388
6.4400,20.79593808
6.4450,20.73991528
6.4500,20.68381144
6.4550,20.62746974
6.4600,20.57085781
6.4650,20.51399405
6.4700,20.4568266
6.4750,20.39915394
6.4800,20.34113548
6.4850,20.28277982
6.4900,20.22398629
6.4950,20.16498454
6.5000,20.10569537
6.5050,20.04601116
6.5100,19.985947
6.5150,19.92551882
6.5200,19.86470747
6.5250,19.80341598
6.5300,19.74169694
6.5350,19.67979457
6.5400,19.61760393
6.5450,19.55508883
6.5500,19.49228309
6.5550,19.42905733
6.5600,19.36555493
6.5650,19.30159606
6.5700,19.23733763
6.5750,19.17274037
6.5800,19.10779564
6.5850,19.04252821
6.5900,18.97672334
6.5950,18.91059064
6.6000,18.84414348
6.6050,18.77723322
6.6100,18.70997889
6.6150,18.64222957
6.6200,18.57399037
6.6250,18.50522157
6.6300,18.43585332
6.6350,18.36592772
6.6400,18.29548443
6.6450,18.22457548
6.6500,18.15309196
6.6550,18.08104942
6.6600,18.00858749
6.6650,17.9356245
6.6700,17.86204613
6.6750,17.78789559
6.6800,17.71326281
6.6850,17.63792963
6.6900,17.56206831
6.6950,17.48565765
6.7000,17.40877036
6.7050,17.33147443
6.7100,17.25388184
6.7150,17.17595858
6.7200,17.09792958
6.7250,17.01960451
6.7300,16.94127961
6.7350,16.86294904
6.7400,16.78471353
6.7450,16.70662546
6.7500,16.62850787
6.7550,16.55059755
6.7600,16.4728929
6.7650,16.39531452
6.7700,16.31793191
6.7750,16.24088643
6.7800,16.16413124
6.7850,16.08767416
6.7900,16.01153506
6.7950,15.93573074
6.8000,15.86024747
6.8050,15.78518878
6.8100,15.71039983
6.8150,15.63603937
6.8200,15.56220031
6.8250,15.48901861
6.8300,15.41638768
6.8350,15.34416297
6.8400,15.27251034
6.8450,15.20185124
6.8500,15.13192397
6.8550,15.06302745
6.8600,14.99521064
6.8650,14.92868274
6.8700,14.86334826
6.8750,14.79919948
6.8800,14.73626878
6.8850,14.67479698
6.8900,14.61484146
6.8950,14.55619318
6.9000,14.49902397
6.9050,14.44315564
6.9100,14.38878648
6.9150,14.33588964
6.9200,14.28441624
6.9250,14.23449135
6.9300,14.185897
6.9350,14.1386658
6.9400,14.09273297
6.9450,14.04796848
6.9500,14.00446385
6.9550,13.96220721
6.9600,13.92114183
6.9650,13.88106665
6.9700,13.84215923
6.9750,13.80438548
6.9800,13.76769617
6.9850,13.73208619
6.9900,13.69747861
6.9950,13.66399092
7.0000,13.63122665
7.0050,13.59937593
7.0100,13.56835985
7.0150,13.53803839
7.0200,13.50820341
7.0250,13.47903791
7.0300,13.4502785
7.0350,13.42199482
7.0400,13.39400894
7.0450,13.36624652
7.0500,13.33865744
7.0550,13.31096533
7.0600,13.28303178
7.0650,13.25502014
7.0700,13.2266775
7.0750,13.19784284
7.0800,13.16844173
7.0850,13.13842261
7.0900,13.10755195
7.0950,13.07554048
7.1000,13.04266861
7.1050,13.00859486
7.1100,12.97335728
7.1150,12.9369816
7.1200,12.89939387
7.1250,12.86047703
7.1300,12.82034929
7.1350,12.77916679
7.1400,12.73681853
7.1450,12.69322739
7.1500,12.64854622
7.1550,12.60280545
7.1600,12.55614961
7.1650,12.50859566
7.1700,12.4602975
7.1750,12.41135186
7.1800,12.36181769
7.1850,12.31173285
7.1900,12.26126943
7.1950,12.21045956
7.2000,12.15955879
7.2050,12.10873485
7.2100,12.05806113
7.2150,12.00765441
7.2200,11.95783915
7.2250,11.90857939
7.2300,11.86010835
7.2350,11.81256202
7.2400,11.76614413
7.2450,11.72095548
7.2500,11.67714782
7.2550,11.63470893
7.2600,11.59365644
7.2650,11.55414797
7.2700,11.51611139
7.2750,11.4794382
7.2800,11.44417937
7.2850,11.41025244
7.2900,11.37782024
7.2950,11.34664511
7.3000,11.31683295
7.3050,11.2880818
7.3100,11.26052055
7.3150,11.23399353
7.3200,11.2086321
7.3250,11.18426438
7.3300,11.16086814
7.3350,11.13836571
7.3400,11.11684825
7.3450,11.09641712
7.3500,11.07720072
7.3550,11.05921723
7.3600,11.04257671
7.3650,11.02729212
7.3700,11.01345371
7.3750,11.00103574
7.3800,10.98999274
7.3850,10.98035962
7.3900,10.97230013
7.3950,10.96569
7.4000,10.96035638
7.4050,10.95612443
7.4100,10.95295378
7.4150,10.95065142
7.4200,10.94886194
7.4250,10.94768897
7.4300,10.94678772
7.4350,10.94580676
7.4400,10.94473781
7.4450,10.94330643
7.4500,10.94132259
7.4550,10.93870194
7.4600,10.93527744
7.4650,10.93111038
7.4700,10.9260819
7.4750,10.92022845
7.4800,10.91366922
7.4850,10.90643301
7.4900,10.8987174
7.4950,10.89056228
7.5000,10.88188389
7.5050,10.87280714
7.5100,10.86335844
7.5150,10.85380935
7.5200,10.84401744
7.5250,10.83426058
7.5300,10.82461285
7.5350,10.81513764
7.5400,10.80593302
7.5450,10.79723432
7.5500,10.7890123
7.5550,10.78149694
7.5600,10.77470216
7.5650,10.76886746
7.5700,10.76392094
7.5750,10.76010358
7.5800,10.75748711
7.5850,10.75622841
7.5900,10.7563509
7.5950,10.75792301
7.6000,10.76123564
7.6050,10.76635276
7.6100,10.77320142
7.6150,10.78204661
7.6200,10.79308816
7.6250,10.80655868
7.6300,10.82251139
7.6350,10.84124686
7.6400,10.86289784
7.6450,10.88773135
7.6500,10.91588928
7.6550,10.9477315
7.6600,10.98322693
7.6650,11.02271637
7.6700,11.06613408
7.6750,11.11373103
7.6800,11.16545882
7.6850,11.22134082
7.6900,11.28133265
7.6950,11.34578656
7.7000,11.4144801
7.7050,11.48759586
7.7100,11.565048
7.7150,11.6468704
7.7200,11.73304577
7.7250,11.82360428
7.7300,11.91859579
7.7350,12.01800166
7.7400,12.12184728
7.7450,12.23025888
7.7500,12.34327351
7.7550,12.46096728
7.7600,12.58325283
7.7650,12.71010226
7.7700,12.84140886
7.7750,12.97707368
7.7800,13.11710711
7.7850,13.26134947
7.7900,13.40950225
7.7950,13.56158129
7.8000,13.71734381
7.8050,13.87683334
7.8100,14.03963251
7.8150,14.20564401
7.8200,14.37470804
7.8250,14.54654474
7.8300,14.72100803
7.8350,14.89788282
7.8400,15.07720139
7.8450,15.25859521
7.8500,15.44188381
7.8550,15.62696901
7.8600,15.8139317
7.8650,16.00251757
7.8700,16.19290213
7.8750,16.3850003
7.8800,16.57874993
7.8850,16.77433141
7.8900,16.97161994
7.8950,17.17077103
7.9000,17.37182361
7.9050,17.5748965
7.9100,17.78023629
7.9150,17.9878304
7.9200,18.19780038
7.9250,18.41013639
7.9300,18.62496102
7.9350,18.8422776
7.9400,19.06220143
7.9450,19.28460278
7.9500,19.50946013
7.9550,19.73675156
7.9600,19.96676081
7.9650,20.1992702
7.9700,20.43446729
7.9750,20.67223597
7.9800,20.91287601
7.9850,21.1562343
7.9900,21.40229638
7.9950,21.65076012
8.0000,21.90171448
8.0050,22.15502679
8.0100,22.41067516
8.0150,22.66849473
8.0200,22.92872534
8.0250,23.1910749
8.0300,23.45554594
8.0350,23.722232
8.0400,23.9907996
8.0450,24.26119544
8.0500,24.53354974
8.0550,24.80766977
8.0600,25.08374223
8.0650,25.36159644
8.0700,25.64126104
8.0750,25.92286074
8.0800,26.20616248
8.0850,26.49111034
8.0900,26.77775919
8.0950,27.06605529
8.1000,27.35601951
8.1050,27.64750259
8.1100,27.94072743
8.1150,28.23552238
8.1200,28.5319632
8.1250,28.82982439
8.1300,29.12911892
8.1350,29.42975351
8.1400,29.73151013
8.1450,30.03452299
8.1500,30.3389588
8.1550,30.64468686
8.1600,30.95172603
8.1650,31.26033617
8.1700,31.57011734
8.1750,31.88101701
8.1800,32.19319674
8.1850,32.50635213
8.1900,32.82046523
8.1950,33.13562057
8.2000,33.45165673
8.2050,33.76853186
8.2100,34.08605288
8.2150,34.40421363
8.2200,34.72268185
8.2250,35.04153284
8.2300,35.36065592
8.2350,35.68006061
8.2400,35.99974043
8.2450,36.31972696
8.2500,36.63985445
8.2550,36.95997192
8.2600,37.27977906
8.2650,37.59916342
8.2700,37.91798137
8.2750,38.23638818
8.2800,38.5543491
8.2850,38.87185797
8.2900,39.1888425
8.2950,39.50529916
8.3000,39.82117324
8.3050,40.13664384
8.3100,40.45153532
8.3150,40.76585982
8.3200,41.07959444
8.3250,41.39263844
8.3300,41.70501097
8.3350,42.01639647
8.3400,42.32682939
8.3450,42.63620713
8.3500,42.94429753
8.3550,43.25109355
8.3600,43.55637177
8.3650,43.8602808
8.3700,44.16284329
8.3750,44.46394538
8.3800,44.76356151
8.3850,45.06179261
8.3900,45.35887109
8.3950,45.65453354
8.4000,45.94860299
8.4050,46.24071101
8.4100,46.53053431
8.4150,46.81788577
8.4200,47.10279507
8.4250,47.38529607
8.4300,47.66540042
8.4350,47.94309881
8.4400,48.21815087
8.4450,48.49022242
8.4500,48.7589391
8.4550,49.02421614
8.4600,49.28608819
8.4650,49.54419952
8.4700,49.79893501
8.4750,50.05019792
8.4800,50.29786098
8.4850,50.54204166
8.4900,50.7826966
8.4950,51.01966286
8.5000,51.25318692
8.5050,51.48327954
8.5100,51.70970046
8.5150,51.93223898
8.5200,52.15058946
8.5250,52.36441546
8.5300,52.57352209
8.5350,52.77744836
8.5400,52.97624549
8.5450,53.17007739
8.5500,53.35976393
8.5550,53.54604113
8.5600,53.72927341
8.5650,53.9097749
8.5700,54.08726251
8.5750,54.26134637
8.5800,54.43167956
8.5850,54.59779922
8.5900,54.75952358
8.5950,54.91691546
8.6000,55.0702432
8.6050,55.21967414
8.6100,55.36559861
8.6150,55.50824165
8.6200,55.6472932
8.6250,55.78263993
8.6300,55.91439766
8.6350,56.04283751
8.6400,56.16817205
8.6450,56.29014158
8.6500,56.40851489
8.6550,56.52303477
8.6600,56.63388488
8.6650,56.74127144
8.6700,56.84508622
8.6750,56.94530076
8.6800,57.04205864
8.6850,57.13506642
8.6900,57.22383466
8.6950,57.30834274
8.7000,57.38836407
8.7050,57.46345607
8.7100,57.53307879
8.7150,57.59654023
8.7200,57.65274767
8.7250,57.70117823
8.7300,57.74137543
8.7350,57.77337223
8.7400,57.79780518
8.7450,57.81540631
8.7500,57.82698452
8.7550,57.83239596
8.7600,57.83139231
8.7650,57.82374868
8.7700,57.80949374
8.7750,57.78893554
8.7800,57.76250241
8.7850,57.73049209
8.7900,57.69291902
8.7950,57.64973982
8.8000,57.60087181
8.8050,57.54658723
8.8100,57.48704713
8.8150,57.42200574
8.8200,57.35173185
8.8250,57.27670883
8.8300,57.19776596
8.8350,57.11536738
8.8400,57.02964694
8.8450,56.94036355
8.8500,56.84719839
8.8550,56.74977845
8.8600,56.64809153
8.8650,56.54180584
8.8700,56.43120976
8.8750,56.31701921
8.8800,56.20020206
8.8850,56.08148931
8.8900,55.96122878
8.8950,55.83962043
8.9000,55.71654676
8.9050,55.59201856
8.9100,55.46566455
8.9150,55.33721332
8.9200,55.20643275
8.9250,55.07339164
8.9300,54.93803396
8.9350,54.8002517
8.9400,54.6604364
8.9450,54.5191048
8.9500,54.37684945
8.9550,54.23358326
8.9600,54.08917826
8.9650,53.94354215
8.9700,53.79700863
8.9750,53.64995373
8.9800,53.50252971
8.9850,53.35509627
8.9900,53.20807679
8.9950,53.06180704
9.0000,52.91618822
9.0050,52.77106799
9.0100,52.62624109
9.0150,52.48197494
9.0200,52.33847334
9.0250,52.19544584
9.0300,52.05269983
9.0350,51.90995133
9.0400,51.76699147
9.0450,51.62332514
9.0500,51.47849161
9.0550,51.33254883
9.0600,51.18570845
9.0650,51.03832488
9.0700,50.89017549
9.0750,50.74138274
9.0800,50.59191499
9.0850,50.44189404
9.0900,50.29151651
9.0950,50.14104632
9.1000,49.99049357
9.1050,49.8396848
9.1100,49.68857354
9.1150,49.53740759
9.1200,49.38649348
9.1250,49.23528003
9.1300,49.08331413
9.1350,48.93037119
9.1400,48.77624101
9.1450,48.62087679
9.1500,48.46422433
9.1550,48.30643529
9.1600,48.14754665
9.1650,47.98776139
9.1700,47.82707415
9.1750,47.66527654
9.1800,47.50232744
9.1850,47.33799063
9.1900,47.17240958
9.1950,47.00549331
9.2000,46.83756138
9.2050,46.66842216
9.2100,46.49796061
9.2150,46.32618464
9.2200,46.1532193
9.2250,45.9790726
9.2300,45.80375056
9.2350,45.62725115
9.2400,45.44916251
9.2450,45.2692776
9.2500,45.08728219
9.2550,44.90352441
9.2600,44.7179828
9.2650,44.53075041
9.2700,44.34204939
9.2750,44.15187301
9.2800,43.96063346
9.2850,43.76808678
9.2900,43.57418562
9.2950,43.37899913
9.3000,43.18265657
9.3050,42.98544356
9.3100,42.78758276
9.3150,42.58924796
9.3200,42.39080916
9.3250,42.19252941
9.3300,41.99463625
9.3350,41.79701553
9.3400,41.59959668
9.3450,41.40232315
9.3500,41.20515267
9.3550,41.00820618
9.3600,40.81155864
9.3650,40.61517102
9.3700,40.41929147
9.3750,40.22386144
9.3800,40.02870119
9.3850,39.83387056
9.3900,39.63938944
9.3950,39.44509976
9.4000,39.25107613
9.4050,39.05758576
9.4100,38.8648224
9.4150,38.6728782
9.4200,38.48159418
9.4250,38.2912674
9.4300,38.10189198
9.4350,37.91334155
9.4400,37.72568101
9.4450,37.53878338
9.4500,37.35261969
9.4550,37.16713798
9.4600,36.98240602
9.4650,36.79844163
9.4700,36.61536962
9.4750,36.4333285
9.4800,36.25240385
9.4850,36.0725847
9.4900,35.89372418
9.4950,35.71592515
9.5000,35.53911392
9.5050,35.36335678
9.5100,35.18867534
9.5150,35.01514876
9.5200,34.8429819
9.5250,34.67211825
9.5300,34.50260606
9.5350,34.33432534
9.5400,34.16723921
9.5450,34.001685
9.5500,33.837544
9.5550,33.67478606
9.5600,33.51351273
9.5650,33.35374717
9.5700,33.19537634
9.5750,33.03832753
9.5800,32.88239704
9.5850,32.72765635
9.5900,32.57419749
9.5950,32.42178872
9.6000,32.27055832
9.6050,32.1205625
9.6100,31.97174645
9.6150,31.82408864
9.6200,31.67720589
9.6250,31.53103446
9.6300,31.38529191
9.6350,31.24014629
9.6400,31.0954652
9.6450,30.95120119
9.6500,30.80734125
9.6550,30.66377718
9.6600,30.52047935
9.6650,30.37744447
9.6700,30.234589
9.6750,30.09193778
9.6800,29.94963759
9.6850,29.80754125
9.6900,29.66582136
9.6950,29.52456775
9.7000,29.38384992
9.7050,29.24366008
9.7100,29.10402199
9.7150,28.96501635
9.7200,28.8267806
9.7250,28.68934189
9.7300,28.55288338
9.7350,28.41759548
9.7400,28.28349242
9.7450,28.15090258
9.7500,28.01976459
9.7550,27.8902748
9.7600,27.76223403
9.7650,27.63590129
9.7700,27.5114451
9.7750,27.38900692
9.7800,27.26869673
9.7850,27.1506687
9.7900,27.03533095
9.7950,26.92276463
9.8000,26.81304372
9.8050,26.70640064
9.8100,26.60314619
9.8150,26.50339429
9.8200,26.40720957
9.8250,26.31478924
9.8300,26.22610831
9.8350,26.14141556
9.8400,26.06082845
9.8450,25.98400967
9.8500,25.91120202
9.8550,25.84224724
9.8600,25.77715521
9.8650,25.71589699
9.8700,25.65826298
9.8750,25.60423033
9.8800,25.55366427
9.8850,25.50637553
9.8900,25.46219421
9.8950,25.42095549
9.9000,25.38240875
9.9050,25.3465463
9.9100,25.31324043
9.9150,25.2822354
9.9200,25.25343505
9.9250,25.2267801
9.9300,25.20226418
9.9350,25.17969889
9.9400,25.15912154
9.9450,25.14048401
9.9500,25.12367366
9.9550,25.10871425
9.9600,25.09534875
9.9650,25.08356289
9.9700,25.07336947
9.9750,25.06468869
9.9800,25.05755201
9.9850,25.05197108
9.9900,25.04777453
9.9950,25.04512554
10.0000,25.04386887
10.0050,25.04397247
10.0100,25.04554145
10.0150,25.04843594
10.0200,25.05285856
10.0250,25.05873988
10.0300,25.06611878
10.0350,25.07487268
10.0400,25.0849844
10.0450,25.09627661
10.0500,25.10889808
10.0550,25.12276882
10.0600,25.13803977
10.0650,25.15470847
10.0700,25.17279942
10.0750,25.19246482
10.0800,25.2135935
10.0850,25.23641475
10.0900,25.26086677
10.0950,25.28718742
10.1000,25.31537309
10.1050,25.3455583
10.1100,25.37760167
10.1150,25.41173185
10.1200,25.44799504
10.1250,25.48630754
10.1300,25.52674869
10.1350,25.56931358
10.1400,25.61397985
10.1450,25.66082286
10.1500,25.70981097
10.1550,25.7609349
10.1600,25.81406477
10.1650,25.86914365
10.1700,25.92612172
10.1750,25.98486925
10.1800,26.04504408
10.1850,26.10687429
10.1900,26.17006677
10.1950,26.23460288
10.2000,26.30035963
10.2050,26.36720038
10.2100,26.43523733
10.2150,26.50431318
10.2200,26.57454578
10.2250,26.6458002
10.2300,26.71810536
10.2350,26.79137436
10.2400,26.86545607
10.2450,26.94051085
10.2500,27.0164847
10.2550,27.09340804
10.2600,27.17124531
10.2650,27.25004853
10.2700,27.32982481
10.2750,27.4105463
10.2800,27.49213695
10.2850,27.57450178
10.2900,27.65789727
10.2950,27.74220807
10.3000,27.8276357
10.3050,27.91416973
10.3100,28.00173111
10.3150,28.09050423
10.3200,28.18022004
10.3250,28.27119821
10.3300,28.36325802
10.3350,28.4566351
10.3400,28.55114151
10.3450,28.64690027
10.3500,28.74396638
10.3550,28.84236318
10.3600,28.94225767
10.3650,29.04354881
10.3700,29.14626519
10.3750,29.25032724
10.3800,29.35593035
10.3850,29.46296365
10.3900,29.57138302
10.3950,29.68103924
10.4000,29.7920429
10.4050,29.90435884
10.4100,30.01810618
10.4150,30.13323213
10.4200,30.24968449
10.4250,30.3676963
10.4300,30.48717901
10.4350,30.60820264
10.4400,30.73053726
10.4450,30.85437394
10.4500,30.9794503
10.4550,31.10571522
10.4600,31.23321611
10.4650,31.36190081
10.4700,31.49177667
10.4750,31.62268035
10.4800,31.75482273
10.4850,31.88794117
10.4900,32.02201643
10.4950,32.15682509
10.5000,32.29249075
10.5050,32.42864044
10.5100,32.56514544
10.5150,32.70199201
10.5200,32.83903576
10.5250,32.97629584
10.5300,33.11357986
10.5350,33.25084732
10.5400,33.38805445
10.5450,33.52509951
10.5500,33.6617994
10.5550,33.79823326
10.5600,33.93431286
10.5650,34.07018325
10.5700,34.20579834
10.5750,34.34111216
10.5800,34.47635854
10.5850,34.61147085
10.5900,34.7464915
10.5950,34.88143656
10.6000,35.01608964
10.6050,35.15067001
10.6100,35.2852436
10.6150,35.41994988
10.6200,35.55493642
10.6250,35.69014135
10.6300,35.82575722
10.6350,35.96196601
10.6400,36.09886699
10.6450,36.23662524
10.6500,36.37524421
10.6550,36.5146663
10.6600,36.65476348
10.6650,36.79554577
10.6700,36.93709783
10.6750,37.079531
10.6800,37.22262021
10.6850,37.36646907
10.6900,37.51126492
10.6950,37.65702377
10.7000,37.80372579
10.7050,37.95126211
10.7100,38.09965539
10.7150,38.24876563
10.7200,38.3986623
10.7250,38.54911686
10.7300,38.700268
10.7350,38.85197397
10.7400,39.00451108
10.7450,39.157676
10.7500,39.31178768
10.7550,39.46668114
10.7600,39.62250721
10.7650,39.77896585
10.7700,39.93602848
10.7750,40.09392687
10.7800,40.25250444
10.7850,40.4116104
10.7900,40.57138886
10.7950,40.731774
10.8000,40.89276597
10.8050,41.05432601
10.8100,41.2163403
10.8150,41.37869535
10.8200,41.54132932
10.8250,41.70433868
10.8300,41.86771915
10.8350,42.03141192
10.8400,42.19533134
10.8450,42.35946409
10.8500,42.52380855
10.8550,42.68810526
10.8600,42.85256727
10.8650,43.01685104
10.8700,43.1810278
10.8750,43.34517318
10.8800,43.50918452
10.8850,43.67340929
10.8900,43.83761457
10.8950,44.0020331
10.9000,44.16700538
10.9050,44.33234007
10.9100,44.49813797
10.9150,44.66406835
10.9200,44.83000335
10.9250,44.99599737
10.9300,45.16193213
10.9350,45.32765932
10.9400,45.49355141
10.9450,45.65952233
10.9500,45.82558074
10.9550,45.99203059
10.9600,46.15894133
10.9650,46.32648086
10.9700,46.49448588
10.9750,46.66302273
10.9800,46.83216694
10.9850,47.00174053
10.9900,47.1716562
10.9950,47.34185424
11.0000,47.51238046
11.0050,47.68337195
11.0100,47.8547185
11.0150,48.02662462
11.0200,48.19898701
11.0250,48.37184398
11.0300,48.54497612
11.0350,48.71837683
11.0400,48.89203241
11.0450,49.06624556
11.0500,49.24055182
11.0550,49.41484794
11.0600,49.58901488
11.0650,49.76292188
11.0700,49.93682009
11.0750,50.11053942
11.0800,50.28406399
11.0850,50.45744463
11.0900,50.63055308
11.0950,50.80355579
11.1000,50.9764131
11.1050,51.14923572
11.1100,51.32171628
11.1150,51.49386947
11.1200,51.66554394
11.1250,51.83624986
11.1300,52.00583255
11.1350,52.17430851
11.1400,52.34178555
11.1450,52.50818201
11.1500,52.67353891
11.1550,52.83785672
11.1600,53.0008915
11.1650,53.16292367
11.1700,53.3239343
11.1750,53.48416473
11.1800,53.64348316
11.1850,53.8017449
11.1900,53.95917198
11.1950,54.1158455
11.2000,54.27177721
11.2050,54.42706043
11.2100,54.58176595
11.2150,54.73602586
11.2200,54.8900951
11.2250,55.04389349
11.2300,55.19767609
11.2350,55.351184
11.2400,55.50399102
11.2450,55.65593657
11.2500,55.8066879
11.2550,55.95568695
11.2600,56.10257268
11.2650,56.24701719
11.2700,56.38883805
11.2750,56.52771962
11.2800,56.66349916
11.2850,56.79615506
11.2900,56.92525131
11.2950,57.05062222
11.3000,57.17210155
11.3050,57.28934067
11.3100,57.40212791
11.3150,57.51024872
11.3200,57.61400191
11.3250,57.7134607
11.3300,57.80878012
11.3350,57.89998096
11.3400,57.98709539
11.3450,58.0700008
11.3500,58.14911868
11.3550,58.2249686
11.3600,58.29773797
11.3650,58.36755427
11.3700,58.43411384
11.3750,58.49694616
11.3800,58.55557421
11.3850,58.60996231
11.3900,58.65998269
11.3950,58.70541895
11.4000,58.74611905
11.4050,58.78184089
11.4100,58.8131599
11.4150,58.8402213
11.4200,58.86315141
11.4250,58.88211633
11.4300,58.89750373
11.4350,58.90968645
11.4400,58.91860409
11.4450,58.92409374
11.4500,58.92617897
11.4550,58.92508227
11.4600,58.92114139
11.4650,58.91447377
11.4700,58.90503274
11.4750,58.89293661
11.4800,58.87823861
11.4850,58.86133208
11.4900,58.84197301
11.4950,58.81956845
11.5000,58.79368572
11.5050,58.76393363
11.5100,58.72969973
11.5150,58.69056557
11.5200,58.64594113
11.5250,58.59544498
11.5300,58.53867184
11.5350,58.4754298
11.5400,58.40550506
11.5450,58.3285125
11.5500,58.24440509
11.5550,58.15317075
11.5600,58.05512398
11.5650,57.95019944
11.5700,57.83855904
11.5750,57.72026865
11.5800,57.59552404
11.5850,57.46440895
11.5900,57.32720112
11.5950,57.18357447
11.6000,57.03348096
11.6050,56.87693921
11.6100,56.71421262
11.6150,56.54534094
11.6200,56.3705077
11.6250,56.18992765
11.6300,56.00379071
11.6350,55.81251121
11.6400,55.61624485
11.6450,55.41501002
11.6500,55.20857924
11.6550,54.99710423
11.6600,54.78080657
11.6650,54.56022654
11.6700,54.33561269
11.6750,54.10780498
11.6800,53.87710086
11.6850,53.64371364
11.6900,53.40782871
11.6950,53.16961077
11.7000,52.92964184
11.7050,52.68837752
11.7100,52.44592908
11.7150,52.20214692
11.7200,51.95717332
11.7250,51.71105609
11.7300,51.46357493
11.7350,51.2145437
11.7400,50.96416944
11.7450,50.7127832
11.7500,50.46052535
11.7550,50.20727602
11.7600,49.95292928
11.7650,49.69771088
11.7700,49.44182735
11.7750,49.18542928
11.7800,48.92859376
11.7850,48.67111809
11.7900,48.41330062
11.7950,48.15530637
11.8000,47.89741849
11.8050,47.63952818
11.8100,47.38185638
11.8150,47.12432808
11.8200,46.86672426
11.8250,46.60910662
11.8300,46.35122397
11.8350,46.09319301
11.8400,45.83501442
11.8450,45.5769125
11.8500,45.31899494
11.8550,45.06136961
11.8600,44.80410768
11.8650,44.54706992
11.8700,44.29017462
11.8750,44.03312655
11.8800,43.77595149
11.8850,43.51853807
11.8900,43.26093431
11.8950,43.00339453
11.9000,42.74598453
11.9050,42.48894842
11.9100,42.23225332
11.9150,41.97606646
11.9200,41.72042324
11.9250,41.46555516
11.9300,41.21152432
11.9350,40.95827044
11.9400,40.70577468
11.9450,40.45424443
11.9500,40.2038382
11.9550,39.95460643
11.9600,39.70638386
11.9650,39.4590457
11.9700,39.21258318
11.9750,38.96708382
11.9800,38.72245692
11.9850,38.47881483
11.9900,38.23649759
11.9950,37.9955452
12.0000,37.75570222
12.0050,37.51695996
12.0100,37.2793449
12.0150,37.04282613
12.0200,36.80740673
12.0250,36.5730989
12.0300,36.33958651
12.0350,36.10708604
12.0400,35.87534244
12.0450,35.6443798
12.0500,35.41402565
12.0550,35.18434608
12.0600,34.95539276
12.0650,34.72709001
12.0700,34.4993416
12.0750,34.27191896
12.0800,34.04496981
12.0850,33.81816175
12.0900,33.59136025
12.0950,33.36466272
12.1000,33.13773506
12.1050,32.9106502
12.1100,32.68321781
12.1150,32.45574049
12.1200,32.22832963
12.1250,32.0009915
12.1300,31.77384908
12.1350,31.54670054
12.1400,31.31960852
12.1450,31.09241052
12.1500,30.86512905
12.1550,30.63782744
12.1600,30.41028417
12.1650,30.18244225
12.1700,29.95475521
12.1750,29.72719245
12.1800,29.49972262
12.1850,29.27254711
12.1900,29.04548532
12.1950,28.81864308
12.2000,28.59213448
12.2050,28.36592523
12.2100,28.14040869
12.2150,27.91549119
12.2200,27.69130577
12.2250,27.46800519
12.2300,27.24571677
12.2350,27.02467316
12.2400,26.80510626
12.2450,26.58704836
12.2500,26.3707434
12.2550,26.15636438
12.2600,25.94408105
12.2650,25.73386433
12.2700,25.52597837
12.2750,25.32039108
12.2800,25.11704216
12.2850,24.91605584
12.2900,24.71718336
12.2950,24.5205967
12.3000,24.32623825
12.3050,24.13391818
12.3100,23.94346768
12.3150,23.75480743
12.3200,23.56773234
12.3250,23.38228235
12.3300,23.1982091
12.3350,23.01548091
12.3400,22.83401505
12.3450,22.65375325
12.3500,22.47466787
12.3550,22.29664277
12.3600,22.11968946
12.3650,21.94385609
12.3700,21.76914714
12.3750,21.59565709
12.3800,21.42305907
12.3850,21.2517085
12.3900,21.08170633
12.3950,20.91288464
12.4000,20.74536901
12.4050,20.57923072
12.4100,20.41442421
12.4150,20.25075402
12.4200,20.08825632
12.4250,19.92663411
12.4300,19.7661209
12.4350,19.6067554
12.4400,19.44863062
12.4450,19.29174365
12.4500,19.13595542
12.4550,18.98120589
12.4600,18.82756285
12.4650,18.67518574
12.4700,18.52387847
12.4750,18.37378368
12.4800,18.22489884
12.4850,18.07706574
12.4900,17.9305312
12.4950,17.78519566
12.5000,17.6412027
12.5050,17.49866741
12.5100,17.35728605
12.5150,17.21716641
12.5200,17.07847674
12.5250,16.94088668
12.5300,16.80455699
12.5350,16.66925903
12.5400,16.53512244
12.5450,16.40215377
12.5500,16.27002129
12.5550,16.13875469
12.5600,16.00825653
12.5650,15.87866141
12.5700,15.74987562
12.5750,15.62181939
12.5800,15.49461442
12.5850,15.36837612
12.5900,15.24290508
12.5950,15.11820421
12.6000,14.99423588
12.6050,14.87130415
12.6100,14.74939351
12.6150,14.62865421
12.6200,14.50933544
12.6250,14.39121684
12.6300,14.27477828
12.6350,14.1598641
12.6400,14.04670032
12.6450,13.9351344
12.6500,13.82536793
12.6550,13.71746338
12.6600,13.61140092
12.6650,13.50707736
12.6700,13.40443555
12.6750,13.30341236
12.6800,13.20414138
12.6850,13.10664511
12.6900,13.0106943
12.6950,12.91629398
12.7000,12.82352189
12.7050,12.73224272
12.7100,12.64248843
12.7150,12.55436345
12.7200,12.46781561
12.7250,12.38300025
12.7300,12.29964599
12.7350,12.21784791
12.7400,12.13745804
12.7450,12.05854382
12.7500,11.98125962
12.7550,11.90548338
12.7600,11.83135609
12.7650,11.75872474
12.7700,11.68770802
12.7750,11.61839196
12.7800,11.5506023
12.7850,11.4845027
12.7900,11.41991294
12.7950,11.35701458
12.8000,11.29566925
12.8050,11.23597256
12.8100,11.17770872
12.8150,11.1211601
12.8200,11.06607156
12.8250,11.0125646
12.8300,10.96048184
12.8350,10.91018596
12.8400,10.86137351
12.8450,10.81412894
12.8500,10.76869018
12.8550,10.72498142
12.8600,10.68303658
12.8650,10.64290025
12.8700,10.60461862
12.8750,10.56825594
12.8800,10.53384451
12.8850,10.50130009
12.8900,10.47095575
12.8950,10.44252971
12.9000,10.4160408
12.9050,10.39135002
12.9100,10.36853772
12.9150,10.34754225
12.9200,10.32826932
12.9250,10.31084768
12.9300,10.29519032
12.9350,10.28118696
12.9400,10.2688645
12.9450,10.25815364
12.9500,10.24895999
12.9550,10.24134818
12.9600,10.23527314
12.9650,10.23076556
12.9700,10.22783797
12.9750,10.22669716
12.9800,10.22722268
12.9850,10.22919281
12.9900,10.23277386
12.9950,10.23800911
13.0000,10.24466013
13.0050,10.25269548
13.0100,10.26229176
13.0150,10.27318168
13.0200,10.28553008
13.0250,10.29915348
13.0300,10.31423549
13.0350,10.33046875
13.0400,10.34812283
13.0450,10.36707778
13.0500,10.38733464
13.0550,10.40892162
13.0600,10.4317885
13.0650,10.45605252
13.0700,10.48159519
13.0750,10.5084468
13.0800,10.53680006
13.0850,10.56663323
13.0900,10.59792534
13.0950,10.63075045
13.1000,10.6652565
13.1050,10.70118407
13.1100,10.73871818
13.1150,10.77773887
13.1200,10.81823842
13.1250,10.8602822
13.1300,10.90377467
13.1350,10.94848681
13.1400,10.99435196
13.1450,11.04136737
13.1500,11.08921148
13.1550,11.13778134
13.1600,11.18685657
13.1650,11.23629447
13.1700,11.285733
13.1750,11.33521126
13.1800,11.38453572
13.1850,11.43354897
13.1900,11.48220233
13.1950,11.53056467
13.2000,11.57877785
13.2050,11.62691819
13.2100,11.67508426
13.2150,11.72351735
13.2200,11.77224867
13.2250,11.82167782
13.2300,11.87193633
13.2350,11.92346083
13.2400,11.97640299
13.2450,12.03125518
13.2500,12.08813323
13.2550,12.14738886
13.2600,12.20919233
13.2650,12.27370255
13.2700,12.34116584
13.2750,12.41182748
13.2800,12.48569475
13.2850,12.56307283
13.2900,12.6437498
13.2950,12.72788114
13.3000,12.81554544
13.3050,12.90673575
13.3100,13.00136191
13.3150,13.09931274
13.3200,13.20063387
13.3250,13.30537473
13.3300,13.41348104
13.3350,13.52514731
13.3400,13.6402804
13.3450,13.75899787
13.3500,13.88145952
13.3550,14.00777123
13.3600,14.13802368
13.3650,14.27235146
13.3700,14.41078082
13.3750,14.55366631
13.3800,14.70121104
13.3850,14.85377256
13.3900,15.01164415
13.3950,15.17491588
13.4000,15.34344887
13.4050,15.51765294
13.4100,15.69752562
13.4150,15.88313732
13.4200,16.07451171
13.4250,16.27167769
13.4300,16.4745248
13.4350,16.68316151
13.4400,16.89771326
13.4450,17.11841065
13.4500,17.34522163
13.4550,17.57838494
13.4600,17.81795956
13.4650,18.06405239
13.4700,18.31684205
13.4750,18.57621053
13.4800,18.84230687
13.4850,19.11508026
13.4900,19.39440228
13.4950,19.68038518
13.5000,19.97283492
13.5050,20.27161457
13.5100,20.57672845
13.5150,20.88784373
13.5200,21.20489112
13.5250,21.52755147
13.5300,21.85538251
13.5350,22.18802962
13.5400,22.52484515
13.5450,22.86528235
13.5500,23.20897464
13.5550,23.55503839
13.5600,23.90324851
13.5650,24.25307181
13.5700,24.60424167
13.5750,24.95597262
13.5800,25.30813062
13.5850,25.6603965
13.5900,26.01267334
13.5950,26.36442538
13.6000,26.71567184
13.6050,27.06616065
13.6100,27.41566772
13.6150,27.76427591
13.6200,28.11165985
13.6250,28.4578074
13.6300,28.80261152
13.6350,29.14612921
13.6400,29.48831346
13.6450,29.82929562
13.6500,30.1691614
13.6550,30.50799226
13.6600,30.84609616
13.6650,31.18368559
13.6700,31.52087717
13.6750,31.85748491
13.6800,32.19349616
13.6850,32.52861921
13.6900,32.86299777
13.6950,33.19683712
13.7000,33.53063533
13.7050,33.8645404
13.7100,34.19875767
13.7150,34.53346664
13.7200,34.86878539
13.7250,35.2047258
13.7300,35.54140996
13.7350,35.87861812
13.7400,36.21647254
13.7450,36.55433229
13.7500,36.89234707
13.7550,37.23008304
13.7600,37.56739307
13.7650,37.90415464
13.7700,38.24033645
13.7750,38.57585697
13.7800,38.91074603
13.7850,39.24509467
13.7900,39.57864385
13.7950,39.9110372
13.8000,40.24220903
13.8050,40.57208197
13.8100,40.90011169
13.8150,41.2263954
13.8200,41.55058344
13.8250,41.87255839
13.8300,42.19235924
13.8350,42.50945372
13.8400,42.82410088
13.8450,43.13595772
13.8500,43.44521455
13.8550,43.7518283
13.8600,44.05571562
13.8650,44.35706301
13.8700,44.65558139
13.8750,44.9514764
13.8800,45.24463861
13.8850,45.53483723
13.8900,45.82200491
13.8950,46.10635068
13.9000,46.38778149
13.9050,46.66658316
13.9100,46.94268383
13.9150,47.21616391
13.9200,47.48714829
13.9250,47.75559077
13.9300,48.02152014
13.9350,48.28487345
13.9400,48.54556597
13.9450,48.80380509
13.9500,49.05949792
13.9550,49.31289528
13.9600,49.56392329
13.9650,49.81273374
13.9700,50.05956302
13.9750,50.30440162
13.9800,50.5470671
13.9850,50.78775684
13.9900,51.02617483
13.9950,51.26219513
14.0000,51.49534748
14.0050,51.72529959
14.0100,51.9520321
14.0150,52.17580156
14.0200,52.39688248
14.0250,52.61533926
14.0300,52.83125653
14.0350,53.04442942
14.0400,53.25469295
14.0450,53.46222075
14.0500,53.66681555
14.0550,53.86839235
14.0600,54.06667733
14.0650,54.26109625
14.0700,54.45075628
14.0750,54.63499392
14.0800,54.81317652
14.0850,54.98505573
14.0900,55.15095723
14.0950,55.31122152
14.1000,55.46639996
14.1050,55.61660775
14.1100,55.76224865
14.1150,55.9034311
14.1200,56.0405528
14.1250,56.17362584
14.1300,56.30309456
14.1350,56.42985743
14.1400,56.5540425
14.1450,56.67627322
14.1500,56.79610777
14.1550,56.91357571
14.1600,57.02819574
14.1650,57.13939494
14.1700,57.24672126
14.1750,57.34973507
14.1800,57.44807547
14.1850,57.54143517
14.1900,57.62914435
14.1950,57.71048203
14.2000,57.7848992
14.2050,57.85164134
14.2100,57.91075956
14.2150,57.96214263
14.2200,58.00618117
14.2250,58.04348469
14.2300,58.07423706
14.2350,58.09839714
14.2400,58.11621422
14.2450,58.1274162
14.2500,58.13261321
14.2550,58.13207606
14.2600,58.12595117
14.2650,58.1144954
14.2700,58.09795366
14.2750,58.0770097
14.2800,58.05195917
14.2850,58.02262657
14.2900,57.98890852
14.2950,57.95027363
14.3000,57.90701471
14.3050,57.85924081
14.3100,57.80707827
14.3150,57.75004985
14.3200,57.68787916
14.3250,57.62026225
14.3300,57.54715744
14.3350,57.46860839
14.3400,57.38515444
14.3450,57.29714951
14.3500,57.20486236
14.3550,57.10835022
14.3600,57.00799196
14.3650,56.90412517
14.3700,56.79769409
14.3750,56.68961772
14.3800,56.58080978
14.3850,56.47226929
14.3900,56.36464564
14.3950,56.25805929
14.4000,56.15236519
14.4050,56.04763161
14.4100,55.94398509
14.4150,55.84146173
14.4200,55.74001536
14.4250,55.63996761
14.4300,55.5411932
14.4350,55.44348155
14.4400,55.34681624
14.4450,55.25106893
14.4500,55.15638511
14.4550,55.06278481
14.4600,54.97048369
14.4650,54.87963885
14.4700,54.79003897
14.4750,54.70134298
14.4800,54.6130195
14.4850,54.52465316
14.4900,54.43594438
14.4950,54.34657005
14.5000,54.25610702
14.5050,54.16444915
14.5100,54.07100223
14.5150,53.9755579
14.5200,53.87739996
14.5250,53.77597962
14.5300,53.67085599
14.5350,53.56192611
14.5400,53.44930826
14.5450,53.33320923
14.5500,53.21340759
14.5550,53.08973675
14.5600,52.96227972
14.5650,52.83101163
14.5700,52.69606146
14.5750,52.55735598
14.5800,52.41514126
14.5850,52.26969595
14.5900,52.12143294
14.5950,51.97088886
14.6000,51.81797568
14.6050,51.66283079
14.6100,51.50521881
14.6150,51.34537975
14.6200,51.18333976
14.6250,51.01912838
14.6300,50.85281719
14.6350,50.68452692
14.6400,50.51423722
14.6450,50.34190148
14.6500,50.16793984
14.6550,49.99276318
14.6600,49.81678759
14.6650,49.64053554
14.6700,49.46420795
14.6750,49.28780215
14.6800,49.11141759
14.6850,48.93481547
14.6900,48.75789847
14.6950,48.58077627
14.7000,48.40385706
14.7050,48.22743723
14.7100,48.05187208
14.7150,47.87752901
14.7200,47.70449213
14.7250,47.53288934
14.7300,47.36303148
14.7350,47.19490516
14.7400,47.02863514
14.7450,46.86445393
14.7500,46.7023558
14.7550,46.54226631
14.7600,46.38401134
14.7650,46.22750133
14.7700,46.07265656
14.7750,45.91945622
14.7800,45.76811736
14.7850,45.61877404
14.7900,45.47139414
14.7950,45.32604029
14.8000,45.18286944
14.8050,45.04175688
14.8100,44.90264697
14.8150,44.76540119
14.8200,44.62993793
14.8250,44.49619543
14.8300,44.36417358
14.8350,44.23400642
14.8400,44.10539073
14.8450,43.97806036
14.8500,43.85188227
14.8550,43.72661687
14.8600,43.60219318
14.8650,43.47829888
14.8700,43.35480697
14.8750,43.23158287
14.8800,43.10841944
14.8850,42.98542346
14.8900,42.86244793
14.8950,42.73933903
14.9000,42.61623143
14.9050,42.49297035
14.9100,42.36950145
14.9150,42.24589073
14.9200,42.12200999
14.9250,41.99785873
14.9300,41.87324355
14.9350,41.74833776
14.9400,41.62309062
14.9450,41.49743277
14.9500,41.37086213
14.9550,41.24346604
14.9600,41.11497181
14.9650,40.98535655
14.9700,40.85454037
14.9750,40.72268097
14.9800,40.58978867
14.9850,40.45585603
14.9900,40.32089327
14.9950,40.18504592
15.0000,40.04819049
15.0050,39.91016429
15.0100,39.77141993
15.0150,39.6317803
15.0200,39.49153797
15.0250,39.35068306
15.0300,39.20907792
15.0350,39.06688699
15.0400,38.92399101
15.0450,38.7804799
15.0500,38.63626424
15.0550,38.49174779
15.0600,38.34715206
15.0650,38.20255362
15.0700,38.0580561
15.0750,37.91378889
15.0800,37.76977347
15.0850,37.6258184
15.0900,37.48208994
15.0950,37.33869255
15.1000,37.19534188
15.1050,37.05213341
15.1100,36.90928468
15.1150,36.76670587
15.1200,36.62434338
15.1250,36.48234628
15.1300,36.34062373
15.1350,36.19906333
15.1400,36.05769954
15.1450,35.91657169
15.1500,35.77570997
15.1550,35.63530146
15.1600,35.49525632
15.1650,35.35596206
15.1700,35.21723789
15.1750,35.07917703
15.1800,34.94167502
15.1850,34.80460778
15.1900,34.66802574
15.1950,34.53210655
15.2000,34.39662929
15.2050,34.26172257
15.2100,34.12748047
15.2150,33.99365319
15.2200,33.86048411
15.2250,33.72809044
15.2300,33.59651314
15.2350,33.46568433
15.2400,33.33562948
15.2450,33.20655375
15.2500,33.07848286
15.2550,32.95135325
15.2600,32.82528966
15.2650,32.70043245
15.2700,32.57676983
15.2750,32.45427193
15.2800,32.33293258
15.2850,32.21265297
15.2900,32.09347072
15.2950,31.97532094
15.3000,31.85840016
15.3050,31.74286741
15.3100,31.6283704
15.3150,31.51508721
15.3200,31.40298815
15.3250,31.29199392
15.3300,31.18231712
15.3350,31.07381163
15.3400,30.96657474
15.3450,30.86045777
15.3500,30.75560282
15.3550,30.6518054
15.3600,30.54894967
15.3650,30.44701616
15.3700,30.34572282
15.3750,30.24503852
15.3800,30.14484387
15.3850,30.04504168
15.3900,29.94546189
15.3950,29.8459294
15.4000,29.7464005
15.4050,29.64670908
15.4100,29.54643434
15.4150,29.44540173
15.4200,29.34338239
15.4250,29.24012077
15.4300,29.13554223
15.4350,29.02950453
15.4400,28.92191759
15.4450,28.81272322
15.4500,28.70169228
15.4550,28.58893357
15.4600,28.47442342
15.4650,28.3580175
15.4700,28.2399986
15.4750,28.12028763
15.4800,27.99906426
15.4850,27.87661252
15.4900,27.75304538
15.4950,27.62843877
15.5000,27.50292025
15.5050,27.37651737
15.5100,27.24946605
15.5150,27.1220433
15.5200,26.99430532
15.5250,26.86617929
15.5300,26.73800818
15.5350,26.60974228
15.5400,26.48147426
15.5450,26.35318808
15.5500,26.22513709
15.5550,26.09724369
15.5600,25.96955792
15.5650,25.84220846
15.5700,25.71526503
15.5750,25.58883524
15.5800,25.46303301
15.5850,25.33823845
15.5900,25.21457325
15.5950,25.09218424
15.6000,24.97129223
15.6050,24.85217775
15.6100,24.73495243
15.6150,24.61991264
15.6200,24.50716763
15.6250,24.39702152
15.6300,24.28964607
15.6350,24.1852126
15.6400,24.08388872
15.6450,23.98565405
15.6500,23.89087764
15.6550,23.79953688
15.6600,23.71171996
15.6650,23.62754531
15.6700,23.54729403
15.6750,23.47095747
15.6800,23.39860494
15.6850,23.33042488
15.6900,23.26649439
15.6950,23.20680145
15.7000,23.15151415
15.7050,23.10060867
15.7100,23.05427197
15.7150,23.01248025
15.7200,22.97551553
15.7250,22.94294822
15.7300,22.9150972
15.7350,22.89186543
15.7400,22.87326982
15.7450,22.85945862
15.7500,22.8504086
15.7550,22.84612868
15.7600,22.84662371
15.7650,22.85184986
15.7700,22.86170961
15.7750,22.8760208
15.7800,22.89492042
15.7850,22.91806111
15.7900,22.94543165
15.7950,22.97677908
15.8000,23.01213297
15.8050,23.05135905
15.8100,23.09419236
15.8150,23.14082198
15.8200,23.19076806
15.8250,23.24418327
15.8300,23.30086856
15.8350,23.36083363
15.8400,23.4240417
15.8450,23.49018077
15.8500,23.55937768
15.8550,23.63158917
15.8600,23.7068998
15.8650,23.78508266
15.8700,23.86603297
15.8750,23.94980668
15.8800,24.03629874
15.8850,24.12548462
15.8900,24.21749791
15.8950,24.31222413
15.9000,24.4096706
15.9050,24.50961885
15.9100,24.61231382
15.9150,24.71755007
15.9200,24.82529198
15.9250,24.93553463
15.9300,25.04816433
15.9350,25.16318557
15.9400,25.28047954
15.9450,25.4001318
15.9500,25.52194477
15.9550,25.64601194
15.9600,25.77236543
15.9650,25.90083404
15.9700,26.03128103
15.9750,26.16362625
15.9800,26.29798106
15.9850,26.43416027
15.9900,26.57213201
15.9950,26.71192396
16.0000,26.85331119
16.0050,26.9964008
16.0100,27.14095335
16.0150,27.2870711
16.0200,27.43460161
16.0250,27.58386665
16.0300,27.7344181
16.0350,27.88648554
16.0400,28.03992386
16.0450,28.19469746
16.0500,28.35073578
16.0550,28.50788743
16.0600,28.66605957
16.0650,28.82516874
16.0700,28.98525252
16.0750,29.14648748
16.0800,29.30852476
16.0850,29.47153136
16.0900,29.63534235
16.0950,29.80021233
16.1000,29.96597459
16.1050,30.13276391
16.1100,30.3006391
16.1150,30.46950247
16.1200,30.6396875
16.1250,30.81121589
16.1300,30.98389317
16.1350,31.15794427
16.1400,31.33333496
16.1450,31.51032298
16.1500,31.68878495
16.1550,31.86874835
16.1600,32.0500033
16.1650,32.2326999
16.1700,32.41695233
16.1750,32.60297857
16.1800,32.79078377
16.1850,32.98035858
16.1900,33.17181329
16.1950,33.36521181
16.2000,33.56046783
16.2050,33.75778867
16.2100,33.95688682
16.2150,34.15790632
16.2200,34.36083938
16.2250,34.56579764
16.2300,34.77246287
16.2350,34.98087214
16.2400,35.19115472
16.2450,35.40316717
16.2500,35.61697834
16.2550,35.83264587
16.2600,36.05009332
16.2650,36.26934618
16.2700,36.49036562
16.2750,36.71320867
16.2800,36.93775796
16.2850,37.16395709
16.2900,37.39183483
16.2950,37.62137616
16.3000,37.85261047
16.3050,38.08549979
16.3100,38.32004671
16.3150,38.55614769
16.3200,38.79373087
16.3250,39.03274851
16.3300,39.27312187
16.3350,39.51460641
16.3400,39.75714732
16.3450,40.00056791
16.3500,40.24485324
16.3550,40.48986534
16.3600,40.73553177
16.3650,40.98174337
16.3700,41.22835753
16.3750,41.47506723
16.3800,41.72199021
16.3850,41.96911979
16.3900,42.21645918
16.3950,42.46379177
16.4000,42.71101171
16.4050,42.95802136
16.4100,43.20493638
16.4150,43.45145958
16.4200,43.69751269
16.4250,43.94279571
16.4300,44.18761863
16.4350,44.43169702
16.4400,44.67512426
16.4450,44.91774595
16.4500,45.15947019
16.4550,45.40025045
16.4600,45.64026042
16.4650,45.87939314
16.4700,46.11765795
16.4750,46.35472004
16.4800,46.59064079
16.4850,46.82534099
16.4900,47.05857665
16.4950,47.29035839
16.5000,47.52051315
16.5050,47.74876406
16.5100,47.97527499
16.5150,48.20028196
16.5200,48.42366568
16.5250,48.64560581
16.5300,48.86642001
16.5350,49.08645512
16.5400,49.30567854
16.5450,49.52452206
16.5500,49.74304905
16.5550,49.96108507
16.5600,50.17860908
16.5650,50.39575127
16.5700,50.61249675
16.5750,50.82871681
16.5800,51.04416244
16.5850,51.2588842
16.5900,51.47254296
16.5950,51.68513369
16.6000,51.89660668
16.6050,52.10697311
16.6100,52.31629955
16.6150,52.52454045
16.6200,52.73196999
16.6250,52.93860981
16.6300,53.1445626
16.6350,53.34950103
16.6400,53.55346413
16.6450,53.75639491
16.6500,53.9581489
16.6550,54.15849275
16.6600,54.3567999
16.6650,54.55277266
16.6700,54.74611986
16.6750,54.93651005
16.6800,55.12352671
16.6850,55.30681328
16.6900,55.48632599
16.6950,55.66198916
16.7000,55.83393399
16.7050,56.00209511
16.7100,56.16565912
16.7150,56.32417345
16.7200,56.4768494
16.7250,56.62327912
16.7300,56.76312104
16.7350,56.89617766
16.7400,57.02232331
16.7450,57.14174826
16.7500,57.25449868
16.7550,57.36044535
16.7600,57.4593848
16.7650,57.55090627
16.7700,57.63457747
16.7750,57.71029395
16.7800,57.77787789
16.7850,57.83697437
16.7900,57.88764092
16.7950,57.92988637
16.8000,57.9638443
16.8050,57.98995924
16.8100,58.00835898
16.8150,58.0189741
16.8200,58.02198777
16.8250,58.01734302
16.8300,58.00542104
16.8350,57.98627135
16.8400,57.96025795
16.8450,57.9272334
16.8500,57.88714489
16.8550,57.8406971
16.8600,57.78804817
16.8650,57.72916261
16.8700,57.66457324
16.8750,57.5944094
16.8800,57.51922689
16.8850,57.43955115
16.8900,57.35575371
16.8950,57.26824391
16.9000,57.17717467
16.9050,57.08239322
16.9100,56.98387673
16.9150,56.88162342
16.9200,56.77530314
16.9250,56.66489318
16.9300,56.55020074
16.9350,56.43149757
16.9400,56.30863842
16.9450,56.18152374
16.9500,56.04993171
16.9550,55.91389173
16.9600,55.77375335
16.9650,55.62976425
16.9700,55.48231864
16.9750,55.3316165
16.9800,55.17780627
16.9850,55.02118897
16.9900,54.861913
16.9950,54.69993881
17.0000,54.53482588
17.0050,54.36623234
17.0100,54.19428985
17.0150,54.01909475
17.0200,53.84130571
17.0250,53.66101146
17.0300,53.47829174
17.0350,53.29332126
17.0400,53.10609731
17.0450,52.91672367
17.0500,52.72516242
17.0550,52.53131346
17.0600,52.33491687
17.0650,52.13588118
17.0700,51.93434389
17.0750,51.73031131
17.0800,51.52369662
17.0850,51.3144026
17.0900,51.10235718
17.0950,50.88756424
17.1000,50.67008761
17.1050,50.44985465
17.1100,50.22680363
17.1150,50.00127268
17.1200,49.77344543
17.1250,49.54368542
17.1300,49.31177096
17.1350,49.07777384
17.1400,48.84137626
17.1450,48.60300662
17.1500,48.36284859
17.1550,48.12098743
17.1600,47.87775532
17.1650,47.6331943
17.1700,47.38727868
17.1750,47.13983992
17.1800,46.89071691
17.1850,46.6397866
17.1900,46.38684812
17.1950,46.13177568
17.2000,45.87445474
17.2050,45.61496824
17.2100,45.35336497
17.2150,45.08971059
17.2200,44.82412618
17.2250,44.55661833
17.2300,44.28743666
17.2350,44.01665366
17.2400,43.74442054
17.2450,43.47091881
17.2500,43.19649006
17.2550,42.92142904
17.2600,42.64604734
17.2650,42.37016759
17.2700,42.09385995
17.2750,41.81709998
17.2800,41.53990952
17.2850,41.26226596
17.2900,40.9840223
17.2950,40.70501791
17.3000,40.42549322
17.3050,40.14558505
17.3100,39.86543828
17.3150,39.58522525
17.3200,39.30460244
17.3250,39.02372331
17.3300,38.7425932
17.3350,38.46119852
17.3400,38.17922862
17.3450,37.89663256
17.3500,37.61309489
17.3550,37.32886171
17.3600,37.04423238
17.3650,36.75955954
17.3700,36.47466509
17.3750,36.18966478
17.3800,35.90472546
17.3850,35.6198341
17.3900,35.33490335
17.3950,35.0499679
17.4000,34.76527707
17.4050,34.48071859
17.4100,34.19659166
17.4150,33.91260669
17.4200,33.62895315
17.4250,33.34571764
17.4300,33.0630687
17.4350,32.78109445
17.4400,32.50001153
17.4450,32.21960303
17.4500,31.9399837
17.4550,31.66086118
17.4600,31.38229675
17.4650,31.10434505
17.4700,30.82699495
17.4750,30.55041199
17.4800,30.27488733
17.4850,30.00038059
17.4900,29.72705278
17.4950,29.45504355
17.5000,29.18466912
17.5050,28.91595567
17.5100,28.64923904
17.5150,28.38458553
17.5200,28.12190859
17.5250,27.86118477
17.5300,27.60239075
17.5350,27.34524379
17.5400,27.08989506
17.5450,26.83612147
17.5500,26.58386728
17.5550,26.33293305
17.5600,26.08329436
17.5650,25.83526084
17.5700,25.58881173
17.5750,25.34400075
17.5800,25.10106802
17.5850,24.85992337
17.5900,24.62070407
17.5950,24.3832471
17.6000,24.14770664
17.6050,23.91404497
17.6100,23.68228544
17.6150,23.45237624
17.6200,23.22445715
17.6250,22.99871657
17.6300,22.77510645
17.6350,22.55362821
17.6400,22.33468596
17.6450,22.11814643
17.6500,21.90432149
17.6550,21.69304978
17.6600,21.48454214
17.6650,21.27830736
17.6700,21.07449934
17.6750,20.87296514
17.6800,20.67366306
17.6850,20.47649116
17.6900,20.28139542
17.6950,20.08819765
17.7000,19.89686212
17.7050,19.70743777
17.7100,19.51973852
17.7150,19.33401772
17.7200,19.15022682
17.7250,18.96818867
17.7300,18.78795971
17.7350,18.60953498
17.7400,18.43264289
17.7450,18.25728809
17.7500,18.08323346
17.7550,17.91049864
17.7600,17.73875226
17.7650,17.56790598
17.7700,17.39782302
17.7750,17.22855414
17.7800,17.05970604
17.7850,16.89134954
17.7900,16.72329552
17.7950,16.55568124
17.8000,16.38818948
17.8050,16.22105286
17.8100,16.05406799
17.8150,15.88740399
17.8200,15.72104468
17.8250,15.55514893
17.8300,15.38984269
17.8350,15.22541723
17.8400,15.06168383
17.8450,14.89899972
17.8500,14.73733936
17.8550,14.57695985
17.8600,14.41829074
17.8650,14.26114742
17.8700,14.10596336
17.8750,13.95281886
17.8800,13.80178253
17.8850,13.6530234
17.8900,13.50656333
17.8950,13.36286447
17.9000,13.22195555
17.9050,13.08397865
17.9100,12.94914939
17.9150,12.81763189
17.9200,12.68962877
17.9250,12.56509878
17.9300,12.44436159
17.9350,12.32755321
17.9400,12.21458622
17.9450,12.10588959
17.9500,12.00123372
17.9550,11.90075846
17.9600,11.80413246
17.9650,11.71150726
17.9700,11.62246589
17.9750,11.53709502
17.9800,11.45503307
17.9850,11.3761813
17.9900,11.3004568
17.9950,11.22758375
18.0000,11.15720929
18.0050,11.08925485
18.0100,11.02368707
18.0150,10.96001045
18.0200,10.89820358
18.0250,10.83823461
18.0300,10.77980066
18.0350,10.72287957
18.0400,10.66745467
18.0450,10.61344307
18.0500,10.56090726
18.0550,10.50962986
18.0600,10.45966408
18.0650,10.4110479
18.0700,10.36356967
18.0750,10.31716383
18.0800,10.27195591
18.0850,10.22782322
18.0900,10.18471752
18.0950,10.14244214
18.1000,10.10116866
18.1050,10.06073505
18.1100,10.02123348
18.1150,9.982349539
18.1200,9.94410163
18.1250,9.906440838
18.1300,9.869117936
18.1350,9.832185423
18.1400,9.795640472
18.1450,9.759369543
18.1500,9.723662174
18.1550,9.688542563
18.1600,9.653695246
18.1650,9.619450006
18.1700,9.585659752
18.1750,9.552541956
18.1800,9.5200788
18.1850,9.488387353
18.1900,9.4575941
18.1950,9.427638979
18.2000,9.398504078
18.2050,9.370343483
18.2100,9.343074528
18.2150,9.316731124
18.2200,9.291357329
18.2250,9.26704508
18.2300,9.243724806
18.2350,9.221524762
18.2400,9.200616847
18.2450,9.180682527
18.2500,9.161934521
18.2550,9.144278619
18.2600,9.127812629
18.2650,9.112581551
18.2700,9.098936627
18.2750,9.08672273
18.2800,9.076027209
18.2850,9.066889012
18.2900,9.059278809
18.2950,9.05334229
18.3000,9.049158238
18.3050,9.046552958
18.3100,9.045485278
18.3150,9.046337273
18.3200,9.048874595
18.3250,9.053039657
18.3300,9.059070668
18.3350,9.066631791
18.3400,9.07587492
18.3450,9.086918513
18.3500,9.09960741
18.3550,9.114077643
18.3600,9.130158356
18.3650,9.147876097
18.3700,9.16741292
18.3750,9.188661662
18.3800,9.211686624
18.3850,9.236570569
18.3900,9.263417356
18.3950,9.292306618
18.4000,9.323192373
18.4050,9.355982938
18.4100,9.390833175
18.4150,9.428030637
18.4200,9.467613577
18.4250,9.509657321
18.4300,9.554289584
18.4350,9.601503515
18.4400,9.651582679
18.4450,9.704443726
18.4500,9.760011388
18.4550,9.818385188
18.4600,9.879474471
18.4650,9.943284562
18.4700,10.0096985
18.4750,10.07865372
18.4800,10.15014127
18.4850,10.22397483
18.4900,10.29993762
18.4950,10.37780424
18.5000,10.45769887
18.5050,10.53939271
18.5100,10.62288998
18.5150,10.70802851
18.5200,10.79479932
18.5250,10.88323982
18.5300,10.97324689
18.5350,11.0647693
18.5400,11.1576729
18.5450,11.25216783
18.5500,11.34832259
18.5550,11.44620715
18.5600,11.54587664
18.5650,11.64754961
18.5700,11.75089431
18.5750,11.85609514
18.5800,11.96291652
18.5850,12.07147583
18.5900,12.18173303
18.5950,12.29365074
18.6000,12.40707264
18.6050,12.52211836
18.6100,12.63845199
18.6150,12.75610132
18.6200,12.87491061
18.6250,12.9949914
18.6300,13.11626746
18.6350,13.23906995
18.6400,13.36337869
18.6450,13.48907095
18.6500,13.61611944
18.6550,13.74450301
18.6600,13.87425878
18.6650,14.00536344
18.6700,14.13790585
18.6750,14.27209695
18.6800,14.4080509
18.6850,14.54587
18.6900,14.68566442
18.6950,14.82763385
18.7000,14.97188465
18.7050,15.11866646
18.7100,15.26801012
18.7150,15.42005033
18.7200,15.57480108
18.7250,15.73236555
18.7300,15.89309018
18.7350,16.05705913
18.7400,16.22416497
18.7450,16.39461807
18.7500,16.56866577
18.7550,16.74639275
18.7600,16.92810298
18.7650,17.1138864
18.7700,17.30389281
18.7750,17.49819823
18.7800,17.69683228
18.7850,17.89979398
18.7900,18.10716373
18.7950,18.31921404
18.8000,18.53562342
18.8050,18.75634835
18.8100,18.98111311
18.8150,19.20996718
18.8200,19.44267887
18.8250,19.67901241
18.8300,19.91891205
18.8350,20.16239742
18.8400,20.40932684
18.8450,20.65953348
18.8500,20.91278628
18.8550,21.16887578
18.8600,21.42781863
18.8650,21.68902619
18.8700,21.95257372
18.8750,22.21822209
18.8800,22.48607237
18.8850,22.75613608
18.8900,23.02839169
18.8950,23.3026452
18.9000,23.57907698
18.9050,23.8577579
18.9100,24.13876506
18.9150,24.42192742
18.9200,24.70731668
18.9250,24.99502356
18.9300,25.28490166
18.9350,25.57666057
18.9400,25.87020605
18.9450,26.16536985
18.9500,26.46225787
18.9550,26.76095423
18.9600,27.06171026
18.9650,27.36448945
18.9700,27.66917237
18.9750,27.9756216
18.9800,28.28374947
18.9850,28.593442
18.9900,28.90461411
18.9950,29.21721048
19.0000,29.53123089
19.0050,29.84658033
19.0100,30.16312487
19.0150,30.48075327
19.0200,30.79949553
19.0250,31.11942366
19.0300,31.44047688
19.0350,31.76246059
19.0400,32.08544053
19.0450,32.40941661
19.0500,32.73427106
19.0550,33.05963845
19.0600,33.3855174
19.0650,33.71180931
19.0700,34.03849406
19.0750,34.36539418
19.0800,34.69232665
19.0850,35.0192857
19.0900,35.34615329
19.0950,35.67283054
19.1000,35.99954132
19.1050,36.32620394
19.1100,36.65296618
19.1150,36.97942241
19.1200,37.30567323
19.1250,37.6316292
19.1300,37.95712574
19.1350,38.28204014
19.1400,38.60614038
19.1450,38.92956665
19.1500,39.25215194
19.1550,39.57395447
19.1600,39.89481013
19.1650,40.2149143
19.1700,40.53434685
19.1750,40.85304405
19.1800,41.17104106
19.1850,41.48818325
19.1900,41.80449552
19.1950,42.12013352
19.2000,42.43496698
19.2050,42.74909472
19.2100,43.06259741
19.2150,43.37536576
19.2200,43.68729248
19.2250,43.99815215
19.2300,44.30762273
19.2350,44.6157819
19.2400,44.92250751
19.2450,45.22783823
19.2500,45.53152679
19.2550,45.8333273
19.2600,46.1332055
19.2650,46.43085012
19.2700,46.72620861
19.2750,47.01926891
19.2800,47.30983758
19.2850,47.59778661
19.2900,47.88311569
19.2950,48.16533712
19.3000,48.44435993
19.3050,48.71986242
19.3100,48.99186762
19.3150,49.26016716
19.3200,49.52471664
19.3250,49.78536367
19.3300,50.04179846
19.3350,50.29391777
19.3400,50.5419615
19.3450,50.78561555
19.3500,51.02447091
19.3550,51.2583315
19.3600,51.48720146
19.3650,51.71077401
19.3700,51.92896134
19.3750,52.1417602
19.3800,52.34949492
19.3850,52.55210983
19.3900,52.74986954
19.3950,52.94269326
19.4000,53.13042617
19.4050,53.31316578
19.4100,53.49104614
19.4150,53.66426209
19.4200,53.83283546
19.4250,53.99687391
19.4300,54.15629407
19.4350,54.31074198
19.4400,54.46044266
19.4450,54.60530367
19.4500,54.74578438
19.4550,54.8821753
19.4600,55.01452008
19.4650,55.14266627
19.4700,55.26662259
19.4750,55.38620509
19.4800,55.50112156
19.4850,55.61143162
19.4900,55.71687561
19.4950,55.81723988
19.5000,55.91230284
19.5050,56.00173861
19.5100,56.08566813
19.5150,56.16412448
19.5200,56.23745578
19.5250,56.30571251
19.5300,56.36922213
19.5350,56.427945
19.5400,56.48213729
19.5450,56.53138521
19.5500,56.57551852
19.5550,56.61400102
19.5600,56.64671684
19.5650,56.67353195
19.5700,56.69411448
19.5750,56.70880475
19.5800,56.71783785
19.5850,56.72146205
19.5900,56.71974452
19.5950,56.71292503
19.6000,56.70093903
19.6050,56.68381052
19.6100,56.66169516
19.6150,56.6345695
19.6200,56.60246978
19.6250,56.56543571
19.6300,56.52365197
19.6350,56.47710581
19.6400,56.42573913
19.6450,56.36953221
19.6500,56.30880829
19.6550,56.24415954
19.6600,56.17599071
19.6650,56.10465155
19.6700,56.03011689
19.6750,55.95237913
19.6800,55.87160192
19.6850,55.78768525
19.6900,55.70029241
19.6950,55.60942333
19.7000,55.5150813
19.7050,55.41728642
19.7100,55.31633519
19.7150,55.21257502
19.7200,55.10607671
19.7250,54.99698425
19.7300,54.88539225
19.7350,54.77178555
19.7400,54.65615241
19.7450,54.53860901
19.7500,54.41881971
19.7550,54.29696935
19.7600,54.17295131
19.7650,54.04719955
19.7700,53.91966126
19.7750,53.79072182
19.7800,53.66056666
19.7850,53.52922978
19.7900,53.39672438
19.7950,53.26323938
19.8000,53.12893133
19.8050,52.99389035
19.8100,52.85839819
19.8150,52.72230404
19.8200,52.5856981
19.8250,52.44856393
19.8300,52.31086275
19.8350,52.17248424
19.8400,52.03336139
19.8450,51.89388485
19.8500,51.75391664
19.8550,51.6141651
19.8600,51.47469992
19.8650,51.33598243
19.8700,51.19824186
19.8750,51.06112398
19.8800,50.92458561
19.8850,50.78869337
19.8900,50.65358027
19.8950,50.51929098
19.9000,50.38603766
19.9050,50.25405248
19.9100,50.12337217
19.9150,49.99415501
19.9200,49.86641921
19.9250,49.7400061
19.9300,49.61478007
19.9350,49.49093129
19.9400,49.36823114
19.9450,49.24691558
19.9500,49.12691563
19.9550,49.00792933
19.9600,48.88959239
19.9650,48.77181259
19.9700,48.65424698
19.9750,48.53678161
19.9800,48.41894596
19.9850,48.30054599
19.9900,48.18169099
19.9950,48.06238285
20.0000,47.94239149
20.0050,47.82153084
20.0100,47.69949158
20.0150,47.57629459
20.0200,47.45190085
20.0250,47.32622025
20.0300,47.19947754
20.0350,47.07153652
20.0400,46.9425993
20.0450,46.81268361
20.0500,46.68170206
20.0550,46.54935774
20.0600,46.41577911
20.0650,46.28060689
20.0700,46.14401157
20.0750,46.00598909
20.0800,45.86642037
20.0850,45.72520376
20.0900,45.58229035
20.0950,45.43773068
20.1000,45.29154044
20.1050,45.143628
20.1100,44.99365097
20.1150,44.84178067
20.1200,44.68764618
20.1250,44.53137208
20.1300,44.37313708
20.1350,44.21283435
20.1400,44.05045105
20.1450,43.88602632
20.1500,43.71985148
20.1550,43.55200551
20.1600,43.38250129
20.1650,43.21140937
20.1700,43.03886773
20.1750,42.8651808
20.1800,42.69064505
20.1850,42.51517298
20.1900,42.33890814
20.1950,42.16193728
20.2000,41.98457751
20.2050,41.80703267
20.2100,41.62927954
20.2150,41.45143084
20.2200,41.27362254
20.2250,41.095978
20.2300,40.91883174
20.2350,40.74202675
20.2400,40.56588124
20.2450,40.39033789
20.2500,40.2154013
20.2550,40.0413765
20.2600,39.86831378
20.2650,39.6964101
20.2700,39.52577263
20.2750,39.35673345
20.2800,39.18930058
20.2850,39.02369525
20.2900,38.86005848
20.2950,38.69854609
20.3000,38.53942376
20.3050,38.38277635
20.3100,38.22889936
20.3150,38.0775804
20.3200,37.92901606
20.3250,37.78315789
20.3300,37.64004998
20.3350,37.49966782
20.3400,37.36192053
20.3450,37.22695922
20.3500,37.09478218
20.3550,36.96539948
20.3600,36.83880181
20.3650,36.71494025
20.3700,36.59372632
20.3750,36.47496734
20.3800,36.35867754
20.3850,36.24474689
20.3900,36.13292068
20.3950,36.02304311
20.4000,35.91483904
20.4050,35.8081002
20.4100,35.70260581
20.4150,35.59790837
20.4200,35.49403952
20.4250,35.39058581
20.4300,35.28727569
20.4350,35.18403528
20.4400,35.08070582
20.4450,34.97694232
20.4500,34.87273039
20.4550,34.76780981
20.4600,34.66202356
20.4650,34.55532125
20.4700,34.44754684
20.4750,34.33879757
20.4800,34.22897942
20.4850,34.11819934
20.4900,34.00633479
20.4950,33.89356898
20.5000,33.77980509
20.5050,33.6649736
20.5100,33.54916363
20.5150,33.43238041
20.5200,33.31456703
20.5250,33.19582867
20.5300,33.07599718
20.5350,32.95518207
20.5400,32.8333049
20.5450,32.71056513
20.5500,32.58682488
20.5550,32.46201691
20.5600,32.33636488
20.5650,32.20969851
20.5700,32.08219606
20.5750,31.95373373
20.5800,31.82447952
20.5850,31.69448353
20.5900,31.56392311
20.5950,31.4326505
20.6000,31.3009243
20.6050,31.1688195
20.6100,31.03644563
20.6150,30.90416513
20.6200,30.77196399
20.6250,30.64032688
20.6300,30.50938585
20.6350,30.37905142
20.6400,30.2496353
20.6450,30.12102576
20.6500,29.9935038
20.6550,29.86693282
20.6600,29.7415088
20.6650,29.61721171
20.6700,29.4939889
20.6750,29.37174074
20.6800,29.25040985
20.6850,29.12996461
20.6900,29.01044731
20.6950,28.89167832
20.7000,28.77380127
20.7050,28.65689489
20.7100,28.54074957
20.7150,28.42545782
20.7200,28.31105532
20.7250,28.19745477
20.7300,28.08456298
20.7350,27.97232041
20.7400,27.86074214
20.7450,27.7499264
20.7500,27.63969682
20.7550,27.53009425
20.7600,27.42128665
20.7650,27.31317025
20.7700,27.20565638
20.7750,27.09883562
20.7800,26.99266435
20.7850,26.88716111
20.7900,26.78239764
20.7950,26.67827078
20.8000,26.57460459
20.8050,26.47168472
20.8100,26.36934342
20.8150,26.26752735
20.8200,26.1664236
20.8250,26.06602349
20.8300,25.96642143
20.8350,25.86768966
20.8400,25.76979849
20.8450,25.67274917
20.8500,25.57681695
20.8550,25.48215405
20.8600,25.38866999
20.8650,25.29645156
20.8700,25.20562758
20.8750,25.11638443
20.8800,25.02884193
20.8850,24.94310147
20.8900,24.85920245
20.8950,24.77724363
20.9000,24.69740032
20.9050,24.61975194
20.9100,24.5441229
20.9150,24.47063995
20.9200,24.39931478
20.9250,24.3299785
20.9300,24.26258631
20.9350,24.19729286
20.9400,24.13411559
20.9450,24.07327431
20.9500,24.01458475
20.9550,23.95824345
20.9600,23.9040845
20.9650,23.85213429
20.9700,23.80253317
20.9750,23.7551934
20.9800,23.7102551
20.9850,23.66772954
20.9900,23.62749135
20.9950,23.58961042
21.0000,23.55385982
21.0050,23.52004898
21.0100,23.48829141
21.0150,23.45838522
21.0200,23.43003099
21.0250,23.40314115
21.0300,23.37762529
21.0350,23.35338453
21.0400,23.33020544
21.0450,23.30789945
21.0500,23.28639287
21.0550,23.26548135
21.0600,23.2449933
21.0650,23.22481683
21.0700,23.20503014
21.0750,23.18540526
21.0800,23.16593346
21.0850,23.14653763
21.0900,23.12715018
21.0950,23.10804245
21.1000,23.08904422
21.1050,23.0702282
21.1100,23.05164324
21.1150,23.03329443
21.1200,23.0152189
21.1250,22.99732081
21.1300,22.97952985
21.1350,22.96196239
21.1400,22.94457442
21.1450,22.92761222
21.1500,22.91075725
21.1550,22.8939351
21.1600,22.87722816
21.1650,22.8606988
21.1700,22.84424972
21.1750,22.82789644
21.1800,22.81180792
21.1850,22.79592255
21.1900,22.78041064
21.1950,22.76557601
21.2000,22.7512194
21.2050,22.73751079
21.2100,22.72499478
21.2150,22.71346834
21.2200,22.7031906
21.2250,22.69446455
21.2300,22.68733596
21.2350,22.68208976
21.2400,22.67892355
21.2450,22.67766776
21.2500,22.67843229
21.2550,22.68140226
21.2600,22.68656214
21.2650,22.69403911
21.2700,22.70375537
21.2750,22.7159087
21.2800,22.73041928
21.2850,22.74736722
21.2900,22.76666154
21.2950,22.7883566
21.3000,22.81243508
21.3050,22.83883455
21.3100,22.86755219
21.3150,22.8985804
21.3200,22.93186215
21.3250,22.96738725
21.3300,23.00512823
21.3350,23.0452001
21.3400,23.087382
21.3450,23.131757
21.3500,23.17820069
21.3550,23.22675887
21.3600,23.27727954
21.3650,23.32969671
21.3700,23.384079
21.3750,23.44039389
21.3800,23.49856991
21.3850,23.55875828
21.3900,23.62092149
21.3950,23.684809
21.4000,23.75065012
21.4050,23.8184423
21.4100,23.88818772
21.4150,23.96002826
21.4200,24.03389168
21.4250,24.10998115
21.4300,24.18836178
21.4350,24.26906584
21.4400,24.35213817
21.4450,24.43736365
21.4500,24.52489311
21.4550,24.61474802
21.4600,24.70690679
21.4650,24.8012518
21.4700,24.89804829
21.4750,24.99707896
21.4800,25.09839389
21.4850,25.20214797
21.4900,25.30828281
21.4950,25.41657093
21.5000,25.52717735
21.5050,25.64015736
21.5100,25.7551919
21.5150,25.87249584
21.5200,25.9920909
21.5250,26.11385019
21.5300,26.23800215
21.5350,26.36460963
21.5400,26.49345204
21.5450,26.62484142
21.5500,26.75874896
21.5550,26.89508749
21.5600,27.03402021
21.5650,27.175532
21.5700,27.31947492
21.5750,27.46576537
21.5800,27.61416999
21.5850,27.76463537
21.5900,27.9170399
21.5950,28.07132939
21.6000,28.2274366
21.6050,28.38538174
21.6100,28.54491811
21.6150,28.70575074
21.6200,28.86799478
21.6250,29.03147363
21.6300,29.19606017
21.6350,29.36166657
21.6400,29.52817948
21.6450,29.69557298
21.6500,29.86396723
21.6550,30.03311516
21.6600,30.20328299
21.6650,30.37440093
21.6700,30.5463447
21.6750,30.71909917
21.6800,30.89279083
21.6850,31.06718174
21.6900,31.24231494
21.6950,31.41817989
21.7000,31.59483065
21.7050,31.77200198
21.7100,31.94972129
21.7150,32.12797668
21.7200,32.3068204
21.7250,32.48626137
21.7300,32.666477
21.7350,32.84750118
21.7400,33.02942815
21.7450,33.21235736
21.7500,33.39650007
21.7550,33.58186178
21.7600,33.76833696
21.7650,33.95622073
21.7700,34.14522642
21.7750,34.335687
21.7800,34.52766071
21.7850,34.72134476
21.7900,34.91665186
21.7950,35.11392695
21.8000,35.3130402
21.8050,35.51407256
21.8100,35.71704749
21.8150,35.92189961
21.8200,36.12843338
21.8250,36.33673233
21.8300,36.54699604
21.8350,36.75911947
21.8400,36.9732206
21.8450,37.1892824
21.8500,37.40732256
21.8550,37.62732025
21.8600,37.84907705
21.8650,38.07259474
21.8700,38.29785265
21.8750,38.52476835
21.8800,38.753201
21.8850,38.98301543
21.8900,39.21398695
21.8950,39.44622872
21.9000,39.67957722
21.9050,39.91412296
21.9100,40.14998937
21.9150,40.38736298
21.9200,40.62601912
21.9250,40.86617775
21.9300,41.10754257
21.9350,41.35001986
21.9400,41.59387526
21.9450,41.83910115
21.9500,42.08563106
21.9550,42.33338555
21.9600,42.58233549
21.9650,42.83268036
21.9700,43.0843574
21.9750,43.33753802
21.9800,43.59211712
21.9850,43.84823115
21.9900,44.10578413
21.9950,44.36496094
22.0000,44.62541131
22.0050,44.88705541
22.0100,45.14965435
22.0150,45.41322126
22.0200,45.67749203
22.0250,45.9422551
22.0300,46.20709163
22.0350,46.47201474
22.0400,46.73682891
22.0450,47.00127281
22.0500,47.26534436
22.0550,47.52884167
22.0600,47.7918521
22.0650,48.05418232
22.0700,48.31583906
22.0750,48.57653899
22.0800,48.83581513
22.0850,49.09336342
22.0900,49.34902976
22.0950,49.60235876
22.1000,49.8531141
22.1050,50.10115799
22.1100,50.34627795
22.1150,50.58844601
22.1200,50.82750097
22.1250,51.06297671
22.1300,51.29421112
22.1350,51.52087806
22.1400,51.74283131
22.1450,51.9596084
22.1500,52.17103788
22.1550,52.37715933
22.1600,52.57781044
22.1650,52.77317208
22.1700,52.96336338
22.1750,53.148373
22.1800,53.32831274
22.1850,53.50346288
22.1900,53.67392933
22.1950,53.83931777
22.2000,53.99963243
22.2050,54.15472864
22.2100,54.30436636
22.2150,54.44847457
22.2200,54.58727891
22.2250,54.72075451
22.2300,54.84935612
22.2350,54.97331501
22.2400,55.09269755
22.2450,55.20751832
22.2500,55.31767921
22.2550,55.42340512
22.2600,55.52469473
22.2650,55.62163993
22.2700,55.71450359
22.2750,55.80312936
22.2800,55.8872524
22.2850,55.96642267
22.2900,56.04011304
22.2950,56.10807878
22.3000,56.17023079
22.3050,56.22626598
22.3100,56.27635684
22.3150,56.32050088
22.3200,56.35886387
22.3250,56.39139914
22.3300,56.41803773
22.3350,56.43878434
22.3400,56.4535026
22.3450,56.46240983
22.3500,56.46537034
22.3550,56.46253013
22.3600,56.4541288
22.3650,56.44029978
22.3700,56.42115928
22.3750,56.39691622
22.3800,56.36805282
22.3850,56.33457581
22.3900,56.29665102
22.3950,56.25445931
22.4000,56.20812177
22.4050,56.15793631
22.4100,56.10420911
22.4150,56.0470772
22.4200,55.98678984
22.4250,55.92323597
22.4300,55.85643639
22.4350,55.78601774
22.4400,55.71186784
22.4450,55.63402367
22.4500,55.55270713
22.4550,55.46799262
22.4600,55.38011921
22.4650,55.2887807
22.4700,55.19400765
22.4750,55.09597555
22.4800,54.99501913
22.4850,54.89125705
22.4900,54.7848073
22.4950,54.67560613
22.5000,54.56369022
22.5050,54.44953862
22.5100,54.33346571
22.5150,54.2156701
22.5200,54.09599683
22.5250,53.97468299
22.5300,53.85187584
22.5350,53.72739238
22.5400,53.60057602
22.5450,53.47128949
22.5500,53.33962997
22.5550,53.20556291
22.5600,53.06898859
22.5650,52.92978763
22.5700,52.78775262
22.5750,52.64295675
22.5800,52.49574144
22.5850,52.34666157
22.5900,52.19583203
22.5950,52.0432783
22.6000,51.88903578
22.6050,51.73356672
22.6100,51.57662873
22.6150,51.41812459
22.6200,51.2576134
22.6250,51.09499626
22.6300,50.93018405
22.6350,50.76301502
22.6400,50.59390171
22.6450,50.42283039
22.6500,50.24986263
22.6550,50.07497221
22.6600,49.897861
22.6650,49.7180963
22.6700,49.53575258
22.6750,49.3508375
22.6800,49.16288052
22.6850,48.9720831
22.6900,48.77868821
22.6950,48.58296149
22.7000,48.38503148
22.7050,48.18478334
22.7100,47.98217982
22.7150,47.77695104
22.7200,47.56901296
22.7250,47.3582771
22.7300,47.14475155
22.7350,46.92853407
22.7400,46.70962471
22.7450,46.48844463
22.7500,46.26511039
22.7550,46.03960163
22.7600,45.81201976
22.7650,45.58263079
22.7700,45.35158431
22.7750,45.11897217
22.7800,44.88472848
22.7850,44.64889344
22.7900,44.41150068
22.7950,44.17315836
22.8000,43.93386828
22.8050,43.69346608
22.8100,43.45210076
22.8150,43.20993406
22.8200,42.9672916
22.8250,42.72411771
22.8300,42.48060447
22.8350,42.23678371
22.8400,41.99301047
22.8450,41.74939464
22.8500,41.50568318
22.8550,41.26192656
22.8600,41.01799238
22.8650,40.77365199
22.8700,40.52881347
22.8750,40.28335453
22.8800,40.03704823
22.8850,39.78978231
22.8900,39.54174794
22.8950,39.29310324
22.9000,39.04389534
22.9050,38.79386492
22.9100,38.54308646
22.9150,38.29147306
22.9200,38.03915717
22.9250,37.78602517
22.9300,37.53237167
22.9350,37.27813967
22.9400,37.02326706
22.9450,36.76787527
22.9500,36.5122932
22.9550,36.25662025
22.9600,36.00085146
22.9650,35.74541623
22.9700,35.49044686
22.9750,35.23595334
22.9800,34.98215057
22.9850,34.72907598
22.9900,34.47635587
22.9950,34.22390131
23.0000,33.97192536
23.0050,33.72016374
23.0100,33.4687041
23.0150,33.21776551
23.0200,32.96749776
23.0250,32.71822073
23.0300,32.46980442
23.0350,32.22248476
23.0400,31.97642659
23.0450,31.73156016
23.0500,31.48790603
23.0550,31.24545081
23.0600,31.00389683
23.0650,30.76348241
23.0700,30.52416575
23.0750,30.28600911
23.0800,30.04881396
23.0850,29.81262098
23.0900,29.57755097
23.0950,29.34316923
23.1000,29.10959064
23.1050,28.87690375
23.1100,28.64510985
23.1150,28.41407697
23.1200,28.1839779
23.1250,27.95460397
23.1300,27.72592662
23.1350,27.4979429
23.1400,27.2706347
23.1450,27.0439143
23.1500,26.81793458
23.1550,26.59255198
23.1600,26.36778077
23.1650,26.14391677
23.1700,25.92089261
23.1750,25.6989182
23.1800,25.47787314
23.1850,25.25792489
23.1900,25.03933052
23.1950,24.82221574
23.2000,24.60658742
23.2050,24.392668
23.2100,24.18072671
23.2150,23.97085594
23.2200,23.76341163
23.2250,23.55877755
23.2300,23.35700343
23.2350,23.15837901
23.2400,22.96283731
23.2450,22.77068027
23.2500,22.58183059
23.2550,22.39646717
23.2600,22.21470199
23.2650,22.03651345
23.2700,21.86188937
23.2750,21.69083836
23.2800,21.52316281
23.2850,21.3587843
23.2900,21.1975763
23.2950,21.03948638
23.3000,20.88415785
23.3050,20.73159396
23.3100,20.58155634
23.3150,20.43388233
23.3200,20.28820694
23.3250,20.14452723
23.3300,20.00275789
23.3350,19.86275337
23.3400,19.72433663
23.3450,19.58729793
23.3500,19.45149245
23.3550,19.31678496
23.3600,19.18320593
23.3650,19.05045185
23.3700,18.91862099
23.3750,18.7874421
23.3800,18.65708376
23.3850,18.52743386
23.3900,18.3982948
23.3950,18.26983446
23.4000,18.14193063
23.4050,18.01451163
23.4100,17.88761843
23.4150,17.76111862
23.4200,17.63496318
23.4250,17.50917028
23.4300,17.38380666
23.4350,17.25893151
23.4400,17.13463457
23.4450,17.01118101
23.4500,16.8885775
23.4550,16.7670732
23.4600,16.64679501
23.4650,16.52766389
23.4700,16.40990242
23.4750,16.29348831
23.4800,16.17862995
23.4850,16.06556302
23.4900,15.954042
23.4950,15.8442191
23.5000,15.73617134
23.5050,15.63003287
23.5100,15.52574218
23.5150,15.42337773
23.5200,15.32266668
23.5250,15.22371471
23.5300,15.12639125
23.5350,15.03070288
23.5400,14.93688963
23.5450,14.844731
23.5500,14.75428559
23.5550,14.66545692
23.5600,14.57834242
23.5650,14.4930826
23.5700,14.40958367
23.5750,14.32793776
23.5800,14.24832558
23.5850,14.17070798
23.5900,14.09538445
23.5950,14.02222144
23.6000,13.95111924
23.6050,13.88232875
23.6100,13.81551812
23.6150,13.75088139
23.6200,13.68855984
23.6250,13.62809677
23.6300,13.56960414
23.6350,13.5129511
23.6400,13.45803809
23.6450,13.40462921
23.6500,13.3526169
23.6550,13.3019494
23.6600,13.25249283
23.6650,13.20410033
23.6700,13.15642959
23.6750,13.10944968
23.6800,13.06292546
23.6850,13.01676284
23.6900,12.97095772
23.6950,12.92543729
23.7000,12.88000042
23.7050,12.83464881
23.7100,12.78922544
23.7150,12.74391512
23.7200,12.6984442
23.7250,12.65288735
23.7300,12.60719469
23.7350,12.56127373
23.7400,12.5151972
23.7450,12.46877724
23.7500,12.42206464
23.7550,12.37491862
23.7600,12.32748568
23.7650,12.27984675
23.7700,12.23192183
23.7750,12.18377818
23.7800,12.13548922
23.7850,12.08688403
23.7900,12.03824592
23.7950,11.98939227
23.8000,11.94043359
23.8050,11.89121184
23.8100,11.84169345
23.8150,11.79187657
23.8200,11.7418875
23.8250,11.69169478
23.8300,11.64133416
23.8350,11.59084752
23.8400,11.54009318
23.8450,11.48922485
23.8500,11.43824569
23.8550,11.38724072
23.8600,11.33618341
23.8650,11.28501602
23.8700,11.23365555
23.8750,11.18206077
23.8800,11.13027917
23.8850,11.07810214
23.8900,11.02560652
23.8950,10.97264523
23.9000,10.91940631
23.9050,10.86578904
23.9100,10.81215261
23.9150,10.75846579
23.9200,10.70477178
23.9250,10.65151319
23.9300,10.59866318
23.9350,10.54639555
23.9400,10.49483467
23.9450,10.44419908
23.9500,10.3946075
23.9550,10.34609908
23.9600,10.2990505
23.9650,10.25353133
23.9700,10.2098239
23.9750,10.1681393
23.9800,10.12856431
23.9850,10.09127776
23.9900,10.05622195
23.9950,10.02350207
24.0000,9.993304018
24.0050,9.965435428
24.0100,9.93987058
24.0150,9.916432196
24.0200,9.89507197
24.0250,9.875649887
24.0300,9.858035936
24.0350,9.842123912
24.0400,9.827773584
24.0450,9.814811695
24.0500,9.803012042
24.0550,9.792481745
24.0600,9.782815006
24.0650,9.773921925
24.0700,9.765522356
24.0750,9.757472484
24.0800,9.749667263
24.0850,9.741950734
24.0900,9.734313923
24.0950,9.726564634
24.1000,9.718656962
24.1050,9.710581978
24.1100,9.70241847
24.1150,9.693980061
24.1200,9.685295188
24.1250,9.676299927
24.1300,9.667045792
24.1350,9.657515875
24.1400,9.647714406
24.1450,9.637471073
24.1500,9.626843412
24.1550,9.615781499
24.1600,9.604358902
24.1650,9.592502017
24.1700,9.580352497
24.1750,9.567972126
24.1800,9.555423692
24.1850,9.542942199
24.1900,9.530576587
24.1950,9.518515578
24.2000,9.506962631
24.2050,9.496075632
24.2100,9.485982704
24.2150,9.476676533
24.2200,9.468356508
24.2250,9.461014922
24.2300,9.454897817
24.2350,9.450070757
24.2400,9.446734242
24.2450,9.44513522
24.2500,9.445341662
24.2550,9.447483864
24.2600,9.451627951
24.2650,9.457763449
24.2700,9.465934049
24.2750,9.476055625
24.2800,9.488291238
24.2850,9.502633667
24.2900,9.519155191
24.2950,9.537892077
24.3000,9.558702764
24.3050,9.581700692
24.3100,9.606819673
24.3150,9.634168153
24.3200,9.66379612
24.3250,9.695484294
24.3300,9.729153367
24.3350,9.764866485
24.3400,9.802508517
24.3450,9.841992913
24.3500,9.883509873
24.3550,9.926694932
24.3600,9.971701241
24.3650,10.01822447
24.3700,10.06642944
24.3750,10.11605723
24.3800,10.16710173
24.3850,10.21935423
24.3900,10.27265157
24.3950,10.32702287
24.4000,10.3822233
24.4050,10.43825349
24.4100,10.49493424
24.4150,10.55233656
24.4200,10.61044058
24.4250,10.66921575
24.4300,10.72855096
24.4350,10.78857525
24.4400,10.8492576
24.4450,10.91085156
24.4500,10.97342345
24.4550,11.03706833
24.4600,11.10188196
24.4650,11.1680035
24.4700,11.23566657
24.4750,11.30514235
24.4800,11.376513
24.4850,11.44992255
24.4900,11.5257262
24.4950,11.60426058
24.5000,11.6855834
24.5050,11.7700519
24.5100,11.85802138
24.5150,11.94985699
24.5200,12.04576654
24.5250,12.14599254
24.5300,12.25085594
24.5350,12.36067639
24.5400,12.47570974
24.5450,12.59585743
24.5500,12.72135912
24.5550,12.8524641
24.5600,12.98907986
24.5650,13.13144453
24.5700,13.27959663
24.5750,13.43343513
24.5800,13.59282976
24.5850,13.75752515
24.5900,13.92754681
24.5950,14.10246125
24.6000,14.2819404
24.6050,14.46570397
24.6100,14.65348689
24.6150,14.8446828
24.6200,15.0389571
24.6250,15.23603592
24.6300,15.43560159
24.6350,15.63730223
24.6400,15.84053909
24.6450,16.04514195
24.6500,16.25058349
24.6550,16.45679907
24.6600,16.66352397
24.6650,16.87058682
24.6700,17.07789116
24.6750,17.28536488
24.6800,17.49280701
24.6850,17.70026456
24.6900,17.90765438
24.6950,18.11500595
24.7000,18.32256478
24.7050,18.53041259
24.7100,18.73861549
24.7150,18.94728557
24.7200,19.15647368
24.7250,19.36627639
24.7300,19.57691864
24.7350,19.78840842
24.7400,20.00083118
24.7450,20.21410227
24.7500,20.42817151
24.7550,20.64330339
24.7600,20.85964046
24.7650,21.07724923
24.7700,21.29634904
24.7750,21.51680604
24.7800,21.73891564
24.7850,21.96286569
24.7900,22.18876552
24.7950,22.41699935
24.8000,22.64761035
24.8050,22.88074937
24.8100,23.11639956
24.8150,23.35463827
24.8200,23.59556349
24.8250,23.83945072
24.8300,24.08643164
24.8350,24.33647756
24.8400,24.58953076
24.8450,24.84587348
24.8500,25.1054134
24.8550,25.36806157
24.8600,25.63371995
24.8650,25.90252292
24.8700,26.17423182
24.8750,26.44877082
24.8800,26.72610162
24.8850,27.00618981
24.8900,27.28864741
24.8950,27.57336432
24.9000,27.86025036
24.9050,28.14920191
24.9100,28.44002586
24.9150,28.73258212
24.9200,29.02686306
24.9250,29.32276568
24.9300,29.62022015
24.9350,29.91902524
24.9400,30.21934198
24.9450,30.52105897
24.9500,30.82422003
24.9550,31.12868021
24.9600,31.43441315
24.9650,31.74135401
24.9700,32.0494079
24.9750,32.35851948
24.9800,32.66853252
24.9850,32.97951644
24.9900,33.29144082
24.9950,33.60414581
25.0000,33.91745499
25.0050,34.23104346
25.0100,34.54485533
25.0150,34.85874733
25.0200,35.17249353
25.0250,35.48586026
25.0300,35.79880961
25.0350,36.1111118
25.0400,36.42267
25.0450,36.73350834
25.0500,37.04356232
25.0550,37.35264855
25.0600,37.66063228
25.0650,37.96753595
25.0700,38.27321939
25.0750,38.57805144
25.0800,38.88223331
25.0850,39.18597845
25.0900,39.48938109
25.0950,39.79240039
25.1000,40.09561157
25.1050,40.39948109
25.1100,40.70460881
25.1150,41.01158949
25.1200,41.32119901
25.1250,41.6340452
25.1300,41.95088584
25.1350,42.27246756
25.1400,42.59988901
25.1450,42.93400496
25.1500,43.27600983
25.1550,43.62713403
25.1600,43.9884753
25.1650,44.36072201
25.1700,44.74480734
25.1750,45.1413933
25.1800,45.55118371
25.1850,45.97443686
25.1900,46.41124512
25.1950,46.57379749
25.2000,46.75168331
25.2050,46.94408186
25.2100,47.14985909
25.2150,47.3676275
25.2200,47.59579608
25.2250,47.83261225
25.2300,48.07619878
25.2350,48.32458727
25.2400,48.57574724
25.2450,48.82760971
25.2500,49.07808657
25.2550,49.32508893
25.2600,49.56654711
25.2650,49.80043251
25.2700,50.02478063
25.2750,50.23771588
25.2800,50.43747798
25.2850,50.62244938
25.2900,50.79118466
25.2950,50.94244439
25.3000,51.07523692
25.3050,51.18887199
25.3100,51.28302829
25.3150,51.35783398
25.3200,51.41395923
25.3250,51.45272144
25.3300,51.47620599
25.3350,51.48740439
